Date,Symbol,Close Price,Avg Entry Price,Quantity,PnL
2024-12-31,CEATLTD.NS,3232.35,3208.42,2,47.86
2024-12-31,EIDPARRY.NS,893.65,868.5,5,125.75
2024-12-31,EMPIND.BO,1291.55,1275.0,4,66.2
2024-12-31,GHCL.NS,723.5,709.16,7,100.38
2024-12-31,GICRE.NS,444.25,443.4,10,8.5
2024-12-31,GSPL.NS,361.9,353.49,13,109.33
2024-12-31,HIMATSEIDE.NS,188.55,185.88,26,69.42
2024-12-31,HINDPETRO.NS,408.75,408.25,12,6.0
2024-12-31,INDIAGLYCO.NS,1283.75,1254.65,4,116.4
2024-12-31,KOTHARIPET.NS,194.24,187.95,25,157.25
2024-12-31,KOTHARIPRO.NS,98.49,99.13,48,-30.72
2024-12-31,MANGCHEFER.NS,153.53,154.36,31,-25.73
2024-12-31,MAZDA.NS,300.23,298.61,15,24.3
2024-12-31,MONTECARLO.NS,802.15,810.82,6,-52.02
2024-12-31,NATIONALUM.NS,207.28,210.67,23,-77.97
2024-12-31,NAVA.NS,494.23,495.13,10,-9.0
2024-12-31,NITINSPIN.NS,443.15,433.95,11,101.2
2024-12-31,RANEHOLDIN.NS,1768.95,1748.91,3,60.12
2024-12-31,RPPINFRA.NS,194.16,194.0,25,4.0
2024-12-31,SRHHYPOLTD.NS,776.8,778.5,6,-10.2
2024-12-31,SUKHJITS.NS,266.45,264.75,18,30.6
2024-12-31,TGVSL.BO,107.35,104.5,47,133.95
2024-12-31,VLSFINANCE.NS,338.1,334.58,14,49.28
2024-12-31,WELCORP.NS,813.8,802.8,6,66.0
2025-01-01,CEATLTD.NS,3198.05,3208.42,2,-20.74
2025-01-01,EIDPARRY.NS,919.4,868.5,5,254.5
2025-01-01,EMPIND.BO,1329.1,1275.0,4,216.4
2025-01-01,GHCL.NS,738.55,709.16,7,205.73
2025-01-01,GICRE.NS,458.55,443.4,10,151.5
2025-01-01,GSPL.NS,365.0,353.49,13,149.63
2025-01-01,HIMATSEIDE.NS,197.35,185.88,26,298.22
2025-01-01,HINDPETRO.NS,412.35,408.25,12,49.2
2025-01-01,INDIAGLYCO.NS,1293.15,1254.65,4,154.0
2025-01-01,KOTHARIPET.NS,201.23,187.95,25,332.0
2025-01-01,KOTHARIPRO.NS,98.67,99.13,48,-22.08
2025-01-01,MANGCHEFER.NS,160.58,154.36,31,192.82
2025-01-01,MAZDA.NS,311.46,298.61,15,192.75
2025-01-01,MONTECARLO.NS,799.65,810.82,6,-67.02
2025-01-01,NATIONALUM.NS,209.66,210.67,23,-23.23
2025-01-01,NAVA.NS,500.0,495.13,10,48.7
2025-01-01,NITINSPIN.NS,447.0,433.95,11,143.55
2025-01-01,RANEHOLDIN.NS,1779.25,1748.91,3,91.02
2025-01-01,RPPINFRA.NS,195.26,194.0,25,31.5
2025-01-01,SRHHYPOLTD.NS,779.6,778.5,6,6.6
2025-01-01,SUKHJITS.NS,273.95,264.75,18,165.6
2025-01-01,TGVSL.BO,109.55,104.5,47,237.35
2025-01-01,VLSFINANCE.NS,342.8,334.58,14,115.08
2025-01-01,WELCORP.NS,812.7,802.8,6,59.4
2025-01-02,CEATLTD.NS,3186.05,3208.42,2,-44.74
2025-01-02,EIDPARRY.NS,918.4,868.5,5,249.5
2025-01-02,EMPIND.BO,1323.05,1275.0,4,192.2
2025-01-02,GHCL.NS,747.55,709.16,7,268.73
2025-01-02,GICRE.NS,451.85,443.4,10,84.5
2025-01-02,GSPL.NS,367.9,353.49,13,187.33
2025-01-02,HIMATSEIDE.NS,203.54,185.88,26,459.16
2025-01-02,HINDPETRO.NS,412.7,408.25,12,53.4
2025-01-02,INDIAGLYCO.NS,1299.45,1254.65,4,179.2
2025-01-02,KOTHARIPET.NS,197.41,187.95,25,236.5
2025-01-02,KOTHARIPRO.NS,97.98,99.13,48,-55.2
2025-01-02,MANGCHEFER.NS,162.36,154.36,31,248.0
2025-01-02,MAZDA.NS,309.88,298.61,15,169.05
2025-01-02,MONTECARLO.NS,802.75,810.82,6,-48.42
2025-01-02,NATIONALUM.NS,212.03,210.67,23,31.28
2025-01-02,NAVA.NS,501.02,495.13,10,58.9
2025-01-02,NITINSPIN.NS,438.9,433.95,11,54.45
2025-01-02,RANEHOLDIN.NS,1794.8,1748.91,3,137.67
2025-01-02,RPPINFRA.NS,197.72,194.0,25,93.0
2025-01-02,SRHHYPOLTD.NS,779.15,778.5,6,3.9
2025-01-02,SUKHJITS.NS,272.85,264.75,18,145.8
2025-01-02,TGVSL.BO,108.7,104.5,47,197.4
2025-01-02,VLSFINANCE.NS,347.05,334.58,14,174.58
2025-01-02,WELCORP.NS,820.5,802.8,6,106.2
2025-01-03,CEATLTD.NS,3185.25,3208.42,2,-46.34
2025-01-03,EIDPARRY.NS,907.65,868.5,5,195.75
2025-01-03,EMPIND.BO,1309.6,1275.0,4,138.4
2025-01-03,GHCL.NS,758.5,709.16,7,345.38
2025-01-03,GICRE.NS,457.7,443.4,10,143.0
2025-01-03,GSPL.NS,367.05,353.49,13,176.28
2025-01-03,HIMATSEIDE.NS,201.8,185.88,26,413.92
2025-01-03,HINDPETRO.NS,413.05,408.25,12,57.6
2025-01-03,INDIAGLYCO.NS,1316.0,1254.65,4,245.4
2025-01-03,KOTHARIPET.NS,201.07,187.95,25,328.0
2025-01-03,KOTHARIPRO.NS,97.9,99.13,48,-59.04
2025-01-03,MANGCHEFER.NS,173.01,154.36,31,578.15
2025-01-03,MAZDA.NS,318.57,298.61,15,299.4
2025-01-03,MONTECARLO.NS,784.45,810.82,6,-158.22
2025-01-03,NATIONALUM.NS,203.65,210.67,23,-161.46
2025-01-03,NAVA.NS,486.2,495.13,10,-89.3
2025-01-03,NITINSPIN.NS,431.6,433.95,11,-25.85
2025-01-03,RANEHOLDIN.NS,1787.0,1748.91,3,114.27
2025-01-03,RPPINFRA.NS,202.79,194.0,25,219.75
2025-01-03,SRHHYPOLTD.NS,782.0,778.5,6,21.0
2025-01-03,SUKHJITS.NS,271.3,264.75,18,117.9
2025-01-03,TGVSL.BO,107.85,104.5,47,157.45
2025-01-03,VLSFINANCE.NS,347.7,334.58,14,183.68
2025-01-03,WELCORP.NS,814.35,802.8,6,69.3
2025-01-06,CEATLTD.NS,3070.2,3208.42,2,-276.44
2025-01-06,EIDPARRY.NS,879.8,868.5,5,56.5
2025-01-06,EMPIND.BO,1240.75,1275.0,4,-137.0
2025-01-06,GHCL.NS,737.15,709.16,7,195.93
2025-01-06,GICRE.NS,435.05,443.4,10,-83.5
2025-01-06,GSPL.NS,358.55,353.49,13,65.78
2025-01-06,HIMATSEIDE.NS,184.74,185.88,26,-29.64
2025-01-06,HINDPETRO.NS,388.95,408.25,12,-231.6
2025-01-06,INDIAGLYCO.NS,1252.3,1254.65,4,-9.4
2025-01-06,KOTHARIPET.NS,188.97,187.95,25,25.5
2025-01-06,KOTHARIPRO.NS,93.19,99.13,48,-285.12
2025-01-06,MANGCHEFER.NS,164.88,154.36,31,326.12
2025-01-06,MAZDA.NS,308.29,298.61,15,145.2
2025-01-06,MONTECARLO.NS,735.95,810.82,6,-449.22
2025-01-06,NATIONALUM.NS,195.9,210.67,23,-339.71
2025-01-06,NAVA.NS,457.75,495.13,10,-373.8
2025-01-06,NITINSPIN.NS,405.1,433.95,11,-317.35
2025-01-06,RANEHOLDIN.NS,1704.55,1748.91,3,-133.08
2025-01-06,RPPINFRA.NS,192.65,194.0,25,-33.75
2025-01-06,SRHHYPOLTD.NS,762.9,778.5,6,-93.6
2025-01-06,SUKHJITS.NS,256.05,264.75,18,-156.6
2025-01-06,TGVSL.BO,107.95,104.5,47,162.15
2025-01-06,VLSFINANCE.NS,332.2,334.58,14,-33.32
2025-01-06,WELCORP.NS,774.2,802.8,6,-171.6
2025-01-07,CEATLTD.NS,3144.0,3208.42,2,-128.84
2025-01-07,EIDPARRY.NS,887.45,868.5,5,94.75
2025-01-07,EMPIND.BO,1261.35,1275.0,4,-54.6
2025-01-07,GHCL.NS,749.25,709.16,7,280.63
2025-01-07,GICRE.NS,452.65,443.4,10,92.5
2025-01-07,GSPL.NS,358.45,353.49,13,64.48
2025-01-07,HIMATSEIDE.NS,195.15,185.88,26,241.02
2025-01-07,HINDPETRO.NS,386.2,408.25,12,-264.6
2025-01-07,INDIAGLYCO.NS,1334.55,1254.65,4,319.6
2025-01-07,KOTHARIPET.NS,190.45,187.95,25,62.5
2025-01-07,KOTHARIPRO.NS,92.99,99.13,48,-294.72
2025-01-07,MANGCHEFER.NS,169.84,154.36,31,479.88
2025-01-07,MAZDA.NS,347.91,298.61,15,739.5
2025-01-07,MONTECARLO.NS,765.5,810.82,6,-271.92
2025-01-07,NATIONALUM.NS,201.57,210.67,23,-209.3
2025-01-07,NAVA.NS,479.12,495.13,10,-160.1
2025-01-07,NITINSPIN.NS,414.9,433.95,11,-209.55
2025-01-07,RANEHOLDIN.NS,1740.2,1748.91,3,-26.13
2025-01-07,RPPINFRA.NS,189.48,194.0,25,-113.0
2025-01-07,SRHHYPOLTD.NS,781.05,778.5,6,15.3
2025-01-07,SUKHJITS.NS,257.65,264.75,18,-127.8
2025-01-07,TGVSL.BO,111.65,104.5,47,336.05
2025-01-07,VLSFINANCE.NS,333.35,334.58,14,-17.22
2025-01-07,WELCORP.NS,797.2,802.8,6,-33.6
2025-01-08,CEATLTD.NS,3120.05,3208.42,2,-176.74
2025-01-08,EIDPARRY.NS,866.0,868.5,5,-12.5
2025-01-08,EMPIND.BO,1241.8,1275.0,4,-132.8
2025-01-08,GHCL.NS,719.7,709.16,7,73.78
2025-01-08,GICRE.NS,446.7,443.4,10,33.0
2025-01-08,GSPL.NS,351.25,353.49,13,-29.12
2025-01-08,HIMATSEIDE.NS,189.63,185.88,26,97.5
2025-01-08,HINDPETRO.NS,391.35,408.25,12,-202.8
2025-01-08,INDIAGLYCO.NS,1266.5,1254.65,4,47.4
2025-01-08,KOTHARIPET.NS,187.23,187.95,25,-18.0
2025-01-08,KOTHARIPRO.NS,92.12,99.13,48,-336.48
2025-01-08,MANGCHEFER.NS,169.35,154.36,31,464.69
2025-01-08,MAZDA.NS,367.83,298.61,15,1038.3
2025-01-08,MONTECARLO.NS,749.8,810.82,6,-366.12
2025-01-08,NATIONALUM.NS,200.11,210.67,23,-242.88
2025-01-08,NAVA.NS,470.12,495.13,10,-250.1
2025-01-08,NITINSPIN.NS,402.15,433.95,11,-349.8
2025-01-08,RANEHOLDIN.NS,1717.6,1748.91,3,-93.93
2025-01-08,RPPINFRA.NS,185.69,194.0,25,-207.75
2025-01-08,SRHHYPOLTD.NS,777.65,778.5,6,-5.1
2025-01-08,SUKHJITS.NS,257.7,264.75,18,-126.9
2025-01-08,TGVSL.BO,110.75,104.5,47,293.75
2025-01-08,VLSFINANCE.NS,331.25,334.58,14,-46.62
2025-01-08,WELCORP.NS,789.8,802.8,6,-78.0
2025-01-09,CEATLTD.NS,3115.15,3208.42,2,-186.54
2025-01-09,EIDPARRY.NS,845.8,868.5,5,-113.5
2025-01-09,EMPIND.BO,1226.9,1275.0,4,-192.4
2025-01-09,GHCL.NS,707.65,709.16,7,-10.57
2025-01-09,GICRE.NS,464.9,443.4,10,215.0
2025-01-09,GSPL.NS,350.35,353.49,13,-40.82
2025-01-09,HIMATSEIDE.NS,184.72,185.88,26,-30.16
2025-01-09,HINDPETRO.NS,384.8,408.25,12,-281.4
2025-01-09,INDIAGLYCO.NS,1261.55,1254.65,4,27.6
2025-01-09,KOTHARIPET.NS,183.38,187.95,25,-114.25
2025-01-09,KOTHARIPRO.NS,91.14,99.13,48,-383.52
2025-01-09,MANGCHEFER.NS,171.4,154.36,31,528.24
2025-01-09,MAZDA.NS,346.06,298.61,15,711.75
2025-01-09,MONTECARLO.NS,719.15,810.82,6,-550.02
2025-01-09,NATIONALUM.NS,195.11,210.67,23,-357.88
2025-01-09,NAVA.NS,462.02,495.13,10,-331.1
2025-01-09,NITINSPIN.NS,397.7,433.95,11,-398.75
2025-01-09,RANEHOLDIN.NS,1686.85,1748.91,3,-186.18
2025-01-09,RPPINFRA.NS,181.08,194.0,25,-323.0
2025-01-09,SRHHYPOLTD.NS,754.3,778.5,6,-145.2
2025-01-09,SUKHJITS.NS,251.35,264.75,18,-241.2
2025-01-09,TGVSL.BO,107.75,104.5,47,152.75
2025-01-09,VLSFINANCE.NS,323.1,334.58,14,-160.72
2025-01-09,WELCORP.NS,774.35,802.8,6,-170.7
2025-01-10,CEATLTD.NS,3084.2,3208.42,2,-248.44
2025-01-10,EIDPARRY.NS,818.6,868.5,5,-249.5
2025-01-10,EMPIND.BO,1178.45,1275.0,4,-386.2
2025-01-10,GHCL.NS,681.2,709.16,7,-195.72
2025-01-10,GICRE.NS,429.55,443.4,10,-138.5
2025-01-10,GSPL.NS,345.5,353.49,13,-103.87
2025-01-10,HIMATSEIDE.NS,179.49,185.88,26,-166.14
2025-01-10,HINDPETRO.NS,388.45,408.25,12,-237.6
2025-01-10,INDIAGLYCO.NS,1307.6,1254.65,4,211.8
2025-01-10,KOTHARIPET.NS,177.14,187.95,25,-270.25
2025-01-10,KOTHARIPRO.NS,88.73,99.13,48,-499.2
2025-01-10,MANGCHEFER.NS,164.52,154.36,31,314.96
2025-01-10,MAZDA.NS,393.98,298.61,15,1430.55
2025-01-10,MONTECARLO.NS,693.5,810.82,6,-703.92
2025-01-10,NATIONALUM.NS,198.03,210.67,23,-290.72
2025-01-10,NAVA.NS,445.1,495.13,10,-500.3
2025-01-10,NITINSPIN.NS,394.25,433.95,11,-436.7
2025-01-10,RANEHOLDIN.NS,1635.2,1748.91,3,-341.13
2025-01-10,RPPINFRA.NS,176.23,194.0,25,-444.25
2025-01-10,SRHHYPOLTD.NS,713.85,778.5,6,-387.9
2025-01-10,SUKHJITS.NS,244.35,264.75,18,-367.2
2025-01-10,TGVSL.BO,104.4,104.5,47,-4.7
2025-01-10,VLSFINANCE.NS,309.35,334.58,14,-353.22
2025-01-10,WELCORP.NS,755.5,802.8,6,-283.8
2025-01-13,CEATLTD.NS,3083.2,3208.42,2,-250.44
2025-01-13,EIDPARRY.NS,790.65,868.5,5,-389.25
2025-01-13,EMPIND.BO,1008.1,1275.0,4,-1067.6
2025-01-13,GHCL.NS,669.4,709.16,7,-278.32
2025-01-13,GICRE.NS,407.6,443.4,10,-358.0
2025-01-13,GSPL.NS,337.85,353.49,13,-203.32
2025-01-13,HIMATSEIDE.NS,168.36,185.88,26,-455.52
2025-01-13,HINDPETRO.NS,364.4,408.25,12,-526.2
2025-01-13,INDIAGLYCO.NS,1218.7,1254.65,4,-143.8
2025-01-13,KOTHARIPET.NS,168.82,187.95,25,-478.25
2025-01-13,KOTHARIPRO.NS,84.89,99.13,48,-683.52
2025-01-13,MANGCHEFER.NS,156.87,154.36,31,77.81
2025-01-13,MAZDA.NS,354.56,298.61,15,839.25
2025-01-13,MONTECARLO.NS,654.95,810.82,6,-935.22
2025-01-13,NATIONALUM.NS,187.6,210.67,23,-530.61
2025-01-13,NAVA.NS,420.88,495.13,10,-742.5
2025-01-13,NITINSPIN.NS,388.9,433.95,11,-495.55
2025-01-13,RANEHOLDIN.NS,1523.0,1748.91,3,-677.73
2025-01-13,RPPINFRA.NS,169.02,194.0,25,-624.5
2025-01-13,SRHHYPOLTD.NS,668.45,778.5,6,-660.3
2025-01-13,SUKHJITS.NS,237.8,264.75,18,-485.1
2025-01-13,TGVSL.BO,97.35,104.5,47,-336.05
2025-01-13,VLSFINANCE.NS,291.75,334.58,14,-599.62
2025-01-13,WELCORP.NS,720.0,802.8,6,-496.8
2025-01-14,CEATLTD.NS,3043.85,3208.42,2,-329.14
2025-01-14,EIDPARRY.NS,798.3,868.5,5,-351.0
2025-01-14,EMPIND.BO,1057.4,1275.0,4,-870.4
2025-01-14,GHCL.NS,691.45,709.16,7,-123.97
2025-01-14,GICRE.NS,423.3,443.4,10,-201.0
2025-01-14,GSPL.NS,347.65,353.49,13,-75.92
2025-01-14,HIMATSEIDE.NS,174.26,185.88,26,-302.12
2025-01-14,HINDPETRO.NS,373.25,408.25,12,-420.0
2025-01-14,INDIAGLYCO.NS,1293.15,1254.65,4,154.0
2025-01-14,KOTHARIPET.NS,178.46,187.95,25,-237.25
2025-01-14,KOTHARIPRO.NS,84.96,99.13,48,-680.16
2025-01-14,MANGCHEFER.NS,162.78,154.36,31,261.02
2025-01-14,MAZDA.NS,375.06,298.61,15,1146.75
2025-01-14,MONTECARLO.NS,674.8,810.82,6,-816.12
2025-01-14,NATIONALUM.NS,195.34,210.67,23,-352.59
2025-01-14,NAVA.NS,425.62,495.13,10,-695.1
2025-01-14,NITINSPIN.NS,400.9,433.95,11,-363.55
2025-01-14,RANEHOLDIN.NS,1675.1,1748.91,3,-221.43
2025-01-14,RPPINFRA.NS,176.66,194.0,25,-433.5
2025-01-14,SRHHYPOLTD.NS,720.2,778.5,6,-349.8
2025-01-14,SUKHJITS.NS,239.05,264.75,18,-462.6
2025-01-14,TGVSL.BO,101.2,104.5,47,-155.1
2025-01-14,VLSFINANCE.NS,299.9,334.58,14,-485.52
2025-01-14,WELCORP.NS,731.15,802.8,6,-429.9
2025-01-15,CEATLTD.NS,3056.45,3208.42,2,-303.94
2025-01-15,EIDPARRY.NS,820.8,868.5,5,-238.5
2025-01-15,EMPIND.BO,1091.35,1275.0,4,-734.6
2025-01-15,GHCL.NS,682.3,709.16,7,-188.02
2025-01-15,GICRE.NS,415.15,443.4,10,-282.5
2025-01-15,GSPL.NS,352.6,353.49,13,-11.57
2025-01-15,HIMATSEIDE.NS,177.41,185.88,26,-220.22
2025-01-15,HINDPETRO.NS,363.25,408.25,12,-540.0
2025-01-15,INDIAGLYCO.NS,1266.95,1254.65,4,49.2
2025-01-15,KOTHARIPET.NS,176.89,187.95,25,-276.5
2025-01-15,KOTHARIPRO.NS,85.61,99.13,48,-648.96
2025-01-15,MANGCHEFER.NS,165.15,154.36,31,334.49
2025-01-15,MAZDA.NS,370.83,298.61,15,1083.3
2025-01-15,MONTECARLO.NS,668.65,810.82,6,-853.02
2025-01-15,NATIONALUM.NS,191.13,210.67,23,-449.42
2025-01-15,NAVA.NS,436.92,495.13,10,-582.1
2025-01-15,NITINSPIN.NS,403.8,433.95,11,-331.65
2025-01-15,RANEHOLDIN.NS,1612.2,1748.91,3,-410.13
2025-01-15,RPPINFRA.NS,178.65,194.0,25,-383.75
2025-01-15,SRHHYPOLTD.NS,689.95,778.5,6,-531.3
2025-01-15,SUKHJITS.NS,243.45,264.75,18,-383.4
2025-01-15,TGVSL.BO,102.85,104.5,47,-77.55
2025-01-15,VLSFINANCE.NS,304.1,334.58,14,-426.72
2025-01-15,WELCORP.NS,760.4,802.8,6,-254.4
2025-01-16,CEATLTD.NS,3044.0,3208.42,2,-328.84
2025-01-16,EIDPARRY.NS,854.65,868.5,5,-69.25
2025-01-16,EMPIND.BO,1121.35,1275.0,4,-614.6
2025-01-16,GHCL.NS,679.55,709.16,7,-207.27
2025-01-16,GICRE.NS,430.4,443.4,10,-130.0
2025-01-16,GSPL.NS,350.95,353.49,13,-33.02
2025-01-16,HIMATSEIDE.NS,177.31,185.88,26,-222.82
2025-01-16,HINDPETRO.NS,358.2,408.25,12,-600.6
2025-01-16,INDIAGLYCO.NS,1276.1,1254.65,4,85.8
2025-01-16,KOTHARIPET.NS,177.05,187.95,25,-272.5
2025-01-16,KOTHARIPRO.NS,85.44,99.13,48,-657.12
2025-01-16,MANGCHEFER.NS,172.34,154.36,31,557.38
2025-01-16,MAZDA.NS,409.99,298.61,15,1670.7
2025-01-16,MONTECARLO.NS,674.95,810.82,6,-815.22
2025-01-16,NATIONALUM.NS,194.48,210.67,23,-372.37
2025-01-16,NAVA.NS,441.15,495.13,10,-539.8
2025-01-16,NITINSPIN.NS,399.4,433.95,11,-380.05
2025-01-16,RANEHOLDIN.NS,1637.9,1748.91,3,-333.03
2025-01-16,RPPINFRA.NS,180.44,194.0,25,-339.0
2025-01-16,SRHHYPOLTD.NS,701.95,778.5,6,-459.3
2025-01-16,SUKHJITS.NS,249.95,264.75,18,-266.4
2025-01-16,TGVSL.BO,105.5,104.5,47,47.0
2025-01-16,VLSFINANCE.NS,306.65,334.58,14,-391.02
2025-01-16,WELCORP.NS,766.7,802.8,6,-216.6
2025-01-17,CEATLTD.NS,3024.55,3208.42,2,-367.74
2025-01-17,EIDPARRY.NS,848.05,868.5,5,-102.25
2025-01-17,EMPIND.BO,1137.35,1275.0,4,-550.6
2025-01-17,GHCL.NS,703.2,709.16,7,-41.72
2025-01-17,GICRE.NS,437.7,443.4,10,-57.0
2025-01-17,GSPL.NS,364.0,353.49,13,136.63
2025-01-17,HIMATSEIDE.NS,178.6,185.88,26,-189.28
2025-01-17,HINDPETRO.NS,358.9,408.25,12,-592.2
2025-01-17,INDIAGLYCO.NS,1331.55,1254.65,4,307.6
2025-01-17,KOTHARIPET.NS,177.62,187.95,25,-258.25
2025-01-17,KOTHARIPRO.NS,85.82,99.13,48,-638.88
2025-01-17,MANGCHEFER.NS,172.59,154.36,31,565.13
2025-01-17,MAZDA.NS,392.57,298.61,15,1409.4
2025-01-17,MONTECARLO.NS,666.85,810.82,6,-863.82
2025-01-17,NATIONALUM.NS,201.25,210.67,23,-216.66
2025-01-17,NAVA.NS,433.85,495.13,10,-612.8
2025-01-17,NITINSPIN.NS,399.2,433.95,11,-382.25
2025-01-17,RANEHOLDIN.NS,1608.05,1748.91,3,-422.58
2025-01-17,RPPINFRA.NS,177.39,194.0,25,-415.25
2025-01-17,SRHHYPOLTD.NS,693.1,778.5,6,-512.4
2025-01-17,SUKHJITS.NS,246.0,264.75,18,-337.5
2025-01-17,TGVSL.BO,105.8,104.5,47,61.1
2025-01-17,VLSFINANCE.NS,303.85,334.58,14,-430.22
2025-01-17,WELCORP.NS,779.65,802.8,6,-138.9
2025-01-20,CEATLTD.NS,3014.7,3208.42,2,-387.44
2025-01-20,EIDPARRY.NS,851.95,868.5,5,-82.75
2025-01-20,EMPIND.BO,1135.4,1275.0,4,-558.4
2025-01-20,GHCL.NS,730.05,709.16,7,146.23
2025-01-20,GICRE.NS,451.55,443.4,10,81.5
2025-01-20,GSPL.NS,367.75,353.49,13,185.38
2025-01-20,HIMATSEIDE.NS,183.95,185.88,26,-50.18
2025-01-20,HINDPETRO.NS,360.35,408.25,12,-574.8
2025-01-20,INDIAGLYCO.NS,1414.0,1254.65,4,637.4
2025-01-20,KOTHARIPET.NS,186.53,187.95,25,-35.5
2025-01-20,KOTHARIPRO.NS,89.0,99.13,48,-486.24
2025-01-20,MANGCHEFER.NS,171.38,154.36,31,527.62
2025-01-20,MAZDA.NS,368.82,298.61,15,1053.15
2025-01-20,MONTECARLO.NS,664.55,810.82,6,-877.62
2025-01-20,NATIONALUM.NS,206.15,210.67,23,-103.96
2025-01-20,NAVA.NS,436.75,495.13,10,-583.8
2025-01-20,NITINSPIN.NS,412.75,433.95,11,-233.2
2025-01-20,RANEHOLDIN.NS,1593.5,1748.91,3,-466.23
2025-01-20,RPPINFRA.NS,182.82,194.0,25,-279.5
2025-01-20,SRHHYPOLTD.NS,702.5,778.5,6,-456.0
2025-01-20,SUKHJITS.NS,254.1,264.75,18,-191.7
2025-01-20,TGVSL.BO,107.5,104.5,47,141.0
2025-01-20,VLSFINANCE.NS,311.55,334.58,14,-322.42
2025-01-20,WELCORP.NS,798.45,802.8,6,-26.1
2025-01-21,CEATLTD.NS,2960.05,3208.42,2,-496.74
2025-01-21,EIDPARRY.NS,827.05,868.5,5,-207.25
2025-01-21,EMPIND.BO,1124.1,1275.0,4,-603.6
2025-01-21,GHCL.NS,724.05,709.16,7,104.23
2025-01-21,GICRE.NS,434.85,443.4,10,-85.5
2025-01-21,GSPL.NS,363.0,353.49,13,123.63
2025-01-21,HIMATSEIDE.NS,176.54,185.88,26,-242.84
2025-01-21,HINDPETRO.NS,369.95,408.25,12,-459.6
2025-01-21,INDIAGLYCO.NS,1353.0,1254.65,4,393.4
2025-01-21,KOTHARIPET.NS,178.83,187.95,25,-228.0
2025-01-21,KOTHARIPRO.NS,89.15,99.13,48,-479.04
2025-01-21,MANGCHEFER.NS,176.62,154.36,31,690.06
2025-01-21,MAZDA.NS,364.64,298.61,15,990.45
2025-01-21,MONTECARLO.NS,668.25,810.82,6,-855.42
2025-01-21,NATIONALUM.NS,201.63,210.67,23,-207.92
2025-01-21,NAVA.NS,425.9,495.13,10,-692.3
2025-01-21,NITINSPIN.NS,408.8,433.95,11,-276.65
2025-01-21,RANEHOLDIN.NS,1552.35,1748.91,3,-589.68
2025-01-21,RPPINFRA.NS,183.84,194.0,25,-254.0
2025-01-21,SRHHYPOLTD.NS,677.05,778.5,6,-608.7
2025-01-21,SUKHJITS.NS,253.4,264.75,18,-204.3
2025-01-21,TGVSL.BO,105.2,104.5,47,32.9
2025-01-21,VLSFINANCE.NS,304.9,334.58,14,-415.52
2025-01-21,WELCORP.NS,792.65,802.8,6,-60.9
2025-01-22,CEATLTD.NS,2853.35,3208.42,2,-710.14
2025-01-22,EIDPARRY.NS,819.55,868.5,5,-244.75
2025-01-22,EMPIND.BO,1105.8,1275.0,4,-676.8
2025-01-22,GHCL.NS,716.7,709.16,7,52.78
2025-01-22,GICRE.NS,423.1,443.4,10,-203.0
2025-01-22,GSPL.NS,359.95,353.49,13,83.98
2025-01-22,HIMATSEIDE.NS,169.95,185.88,26,-414.18
2025-01-22,HINDPETRO.NS,370.1,408.25,12,-457.8
2025-01-22,INDIAGLYCO.NS,1320.4,1254.65,4,263.0
2025-01-22,KOTHARIPET.NS,176.78,187.95,25,-279.25
2025-01-22,KOTHARIPRO.NS,87.22,99.13,48,-571.68
2025-01-22,MANGCHEFER.NS,177.26,154.36,31,709.9
2025-01-22,MAZDA.NS,356.0,298.61,15,860.85
2025-01-22,MONTECARLO.NS,661.5,810.82,6,-895.92
2025-01-22,NATIONALUM.NS,199.19,210.67,23,-264.04
2025-01-22,NAVA.NS,422.45,495.13,10,-726.8
2025-01-22,NITINSPIN.NS,397.9,433.95,11,-396.55
2025-01-22,RANEHOLDIN.NS,1535.1,1748.91,3,-641.43
2025-01-22,RPPINFRA.NS,177.62,194.0,25,-409.5
2025-01-22,SRHHYPOLTD.NS,663.6,778.5,6,-689.4
2025-01-22,SUKHJITS.NS,247.2,264.75,18,-315.9
2025-01-22,TGVSL.BO,104.2,104.5,47,-14.1
2025-01-22,VLSFINANCE.NS,303.25,334.58,14,-438.62
2025-01-22,WELCORP.NS,779.75,802.8,6,-138.3
2025-01-23,CEATLTD.NS,2971.7,3208.42,2,-473.44
2025-01-23,EIDPARRY.NS,842.1,868.5,5,-132.0
2025-01-23,EMPIND.BO,1118.05,1275.0,4,-627.8
2025-01-23,GHCL.NS,725.65,709.16,7,115.43
2025-01-23,GICRE.NS,439.45,443.4,10,-39.5
2025-01-23,GSPL.NS,359.2,353.49,13,74.23
2025-01-23,HIMATSEIDE.NS,172.32,185.88,26,-352.56
2025-01-23,HINDPETRO.NS,362.1,408.25,12,-553.8
2025-01-23,INDIAGLYCO.NS,1312.5,1254.65,4,231.4
2025-01-23,KOTHARIPET.NS,179.46,187.95,25,-212.25
2025-01-23,KOTHARIPRO.NS,86.51,99.13,48,-605.76
2025-01-23,MANGCHEFER.NS,175.23,154.36,31,646.97
2025-01-23,MAZDA.NS,356.78,298.61,15,872.55
2025-01-23,MONTECARLO.NS,664.05,810.82,6,-880.62
2025-01-23,NATIONALUM.NS,201.5,210.67,23,-210.91
2025-01-23,NAVA.NS,443.95,495.13,10,-511.8
2025-01-23,NITINSPIN.NS,403.95,433.95,11,-330.0
2025-01-23,RANEHOLDIN.NS,1518.15,1748.91,3,-692.28
2025-01-23,RPPINFRA.NS,177.02,194.0,25,-424.5
2025-01-23,SRHHYPOLTD.NS,684.35,778.5,6,-564.9
2025-01-23,SUKHJITS.NS,245.0,264.75,18,-355.5
2025-01-23,TGVSL.BO,103.55,104.5,47,-44.65
2025-01-23,VLSFINANCE.NS,298.8,334.58,14,-500.92
2025-01-23,WELCORP.NS,802.85,802.8,6,0.3
2025-01-24,CEATLTD.NS,2949.9,3208.42,2,-517.04
2025-01-24,EIDPARRY.NS,820.2,868.5,5,-241.5
2025-01-24,EMPIND.BO,1106.3,1275.0,4,-674.8
2025-01-24,GHCL.NS,708.65,709.16,7,-3.57
2025-01-24,GICRE.NS,420.35,443.4,10,-230.5
2025-01-24,GSPL.NS,350.8,353.49,13,-34.97
2025-01-24,HIMATSEIDE.NS,164.56,185.88,26,-554.32
2025-01-24,HINDPETRO.NS,352.85,408.25,12,-664.8
2025-01-24,INDIAGLYCO.NS,1264.25,1254.65,4,38.4
2025-01-24,KOTHARIPET.NS,171.56,187.95,25,-409.75
2025-01-24,KOTHARIPRO.NS,84.82,99.13,48,-686.88
2025-01-24,MANGCHEFER.NS,172.17,154.36,31,552.11
2025-01-24,MAZDA.NS,346.24,298.61,15,714.45
2025-01-24,MONTECARLO.NS,672.95,810.82,6,-827.22
2025-01-24,NATIONALUM.NS,198.95,210.67,23,-269.56
2025-01-24,NAVA.NS,436.0,495.13,10,-591.3
2025-01-24,NITINSPIN.NS,389.65,433.95,11,-487.3
2025-01-24,RANEHOLDIN.NS,1458.45,1748.91,3,-871.38
2025-01-24,RPPINFRA.NS,171.46,194.0,25,-563.5
2025-01-24,SRHHYPOLTD.NS,667.55,778.5,6,-665.7
2025-01-24,SUKHJITS.NS,243.45,264.75,18,-383.4
2025-01-24,TGVSL.BO,101.05,104.5,47,-162.15
2025-01-24,VLSFINANCE.NS,293.6,334.58,14,-573.72
2025-01-24,WELCORP.NS,789.05,802.8,6,-82.5
2025-01-27,CEATLTD.NS,2884.0,3208.42,2,-648.84
2025-01-27,EIDPARRY.NS,782.35,868.5,5,-430.75
2025-01-27,EMPIND.BO,1069.7,1275.0,4,-821.2
2025-01-27,GHCL.NS,683.05,709.16,7,-182.77
2025-01-27,GICRE.NS,399.0,443.4,10,-444.0
2025-01-27,GSPL.NS,343.4,353.49,13,-131.17
2025-01-27,HIMATSEIDE.NS,155.28,185.88,26,-795.6
2025-01-27,HINDPETRO.NS,345.95,408.25,12,-747.6
2025-01-27,INDIAGLYCO.NS,1205.5,1254.65,4,-196.6
2025-01-27,KOTHARIPET.NS,163.64,187.95,25,-607.75
2025-01-27,KOTHARIPRO.NS,80.57,99.13,48,-890.88
2025-01-27,MANGCHEFER.NS,161.51,154.36,31,221.65
2025-01-27,MAZDA.NS,332.58,298.61,15,509.55
2025-01-27,MONTECARLO.NS,645.85,810.82,6,-989.82
2025-01-27,NATIONALUM.NS,193.33,210.67,23,-398.82
2025-01-27,NAVA.NS,414.9,495.13,10,-802.3
2025-01-27,NITINSPIN.NS,370.0,433.95,11,-703.45
2025-01-27,RANEHOLDIN.NS,1424.85,1748.91,3,-972.18
2025-01-27,RPPINFRA.NS,163.81,194.0,25,-754.75
2025-01-27,SRHHYPOLTD.NS,632.05,778.5,6,-878.7
2025-01-27,SUKHJITS.NS,231.6,264.75,18,-596.7
2025-01-27,TGVSL.BO,93.3,104.5,47,-526.4
2025-01-27,VLSFINANCE.NS,282.6,334.58,14,-727.72
2025-01-27,WELCORP.NS,740.65,802.8,6,-372.9
2025-01-28,CEATLTD.NS,2843.1,3208.42,2,-730.64
2025-01-28,EIDPARRY.NS,791.35,868.5,5,-385.75
2025-01-28,EMPIND.BO,1024.85,1275.0,4,-1000.6
2025-01-28,GHCL.NS,671.3,709.16,7,-265.02
2025-01-28,GICRE.NS,391.55,443.4,10,-518.5
2025-01-28,GSPL.NS,335.1,353.49,13,-239.07
2025-01-28,HIMATSEIDE.NS,154.28,185.88,26,-821.6
2025-01-28,HINDPETRO.NS,349.5,408.25,12,-705.0
2025-01-28,INDIAGLYCO.NS,1188.25,1254.65,4,-265.6
2025-01-28,KOTHARIPET.NS,160.89,187.95,25,-676.5
2025-01-28,KOTHARIPRO.NS,80.44,99.13,48,-897.12
2025-01-28,MANGCHEFER.NS,161.07,154.36,31,208.01
2025-01-28,MAZDA.NS,348.35,298.61,15,746.1
2025-01-28,MONTECARLO.NS,663.1,810.82,6,-886.32
2025-01-28,NATIONALUM.NS,185.57,210.67,23,-577.3
2025-01-28,NAVA.NS,405.5,495.13,10,-896.3
2025-01-28,NITINSPIN.NS,386.05,433.95,11,-526.9
2025-01-28,RANEHOLDIN.NS,1402.55,1748.91,3,-1039.08
2025-01-28,RPPINFRA.NS,164.38,194.0,25,-740.5
2025-01-28,SRHHYPOLTD.NS,627.45,778.5,6,-906.3
2025-01-28,SUKHJITS.NS,221.55,264.75,18,-777.6
2025-01-28,TGVSL.BO,93.45,104.5,47,-519.35
2025-01-28,VLSFINANCE.NS,282.25,334.58,14,-732.62
2025-01-28,WELCORP.NS,717.7,802.8,6,-510.6
2025-01-29,CEATLTD.NS,2931.75,3208.42,2,-553.34
2025-01-29,EIDPARRY.NS,820.0,868.5,5,-242.5
2025-01-29,EMPIND.BO,1080.45,1275.0,4,-778.2
2025-01-29,GHCL.NS,700.7,709.16,7,-59.22
2025-01-29,GICRE.NS,404.95,443.4,10,-384.5
2025-01-29,GSPL.NS,340.1,353.49,13,-174.07
2025-01-29,HIMATSEIDE.NS,160.2,185.88,26,-667.68
2025-01-29,HINDPETRO.NS,345.25,408.25,12,-756.0
2025-01-29,INDIAGLYCO.NS,1236.75,1254.65,4,-71.6
2025-01-29,KOTHARIPET.NS,172.06,187.95,25,-397.25
2025-01-29,KOTHARIPRO.NS,79.49,99.13,48,-942.72
2025-01-29,MANGCHEFER.NS,162.98,154.36,31,267.22
2025-01-29,MAZDA.NS,340.5,298.61,15,628.35
2025-01-29,MONTECARLO.NS,671.4,810.82,6,-836.52
2025-01-29,NATIONALUM.NS,189.74,210.67,23,-481.39
2025-01-29,NAVA.NS,436.55,495.13,10,-585.8
2025-01-29,NITINSPIN.NS,390.9,433.95,11,-473.55
2025-01-29,RANEHOLDIN.NS,1516.95,1748.91,3,-695.88
2025-01-29,RPPINFRA.NS,172.55,194.0,25,-536.25
2025-01-29,SRHHYPOLTD.NS,647.65,778.5,6,-785.1
2025-01-29,SUKHJITS.NS,221.5,264.75,18,-778.5
2025-01-29,TGVSL.BO,97.4,104.5,47,-333.7
2025-01-29,VLSFINANCE.NS,284.75,334.58,14,-697.62
2025-01-29,WELCORP.NS,742.95,802.8,6,-359.1
2025-01-30,CEATLTD.NS,2902.45,3208.42,2,-611.94
2025-01-30,EIDPARRY.NS,819.8,868.5,5,-243.5
2025-01-30,EMPIND.BO,1093.6,1275.0,4,-725.6
2025-01-30,GHCL.NS,718.55,709.16,7,65.73
2025-01-30,GICRE.NS,400.7,443.4,10,-427.0
2025-01-30,GSPL.NS,343.15,353.49,13,-134.42
2025-01-30,HIMATSEIDE.NS,157.74,185.88,26,-731.64
2025-01-30,HINDPETRO.NS,351.6,408.25,12,-679.8
2025-01-30,INDIAGLYCO.NS,1256.25,1254.65,4,6.4
2025-01-30,KOTHARIPET.NS,171.52,187.95,25,-410.75
2025-01-30,KOTHARIPRO.NS,81.33,99.13,48,-854.4
2025-01-30,MANGCHEFER.NS,164.78,154.36,31,323.02
2025-01-30,MAZDA.NS,335.45,298.61,15,552.6
2025-01-30,MONTECARLO.NS,679.95,810.82,6,-785.22
2025-01-30,NATIONALUM.NS,189.1,210.67,23,-496.11
2025-01-30,NAVA.NS,432.9,495.13,10,-622.3
2025-01-30,NITINSPIN.NS,392.25,433.95,11,-458.7
2025-01-30,RANEHOLDIN.NS,1464.2,1748.91,3,-854.13
2025-01-30,RPPINFRA.NS,177.44,194.0,25,-414.0
2025-01-30,SRHHYPOLTD.NS,674.65,778.5,6,-623.1
2025-01-30,SUKHJITS.NS,223.8,264.75,18,-737.1
2025-01-30,TGVSL.BO,105.7,104.5,47,56.4
2025-01-30,VLSFINANCE.NS,282.25,334.58,14,-732.62
2025-01-30,WELCORP.NS,721.75,802.8,6,-486.3
2025-01-31,CEATLTD.NS,2856.65,3208.42,2,-703.54
2025-01-31,EIDPARRY.NS,819.9,868.5,5,-243.0
2025-01-31,EMPIND.BO,1092.2,1275.0,4,-731.2
2025-01-31,GHCL.NS,731.05,709.16,7,153.23
2025-01-31,GICRE.NS,411.45,443.4,10,-319.5
2025-01-31,GSPL.NS,345.7,353.49,13,-101.27
2025-01-31,HIMATSEIDE.NS,159.75,185.88,26,-679.38
2025-01-31,HINDPETRO.NS,358.25,408.25,12,-600.0
2025-01-31,INDIAGLYCO.NS,1277.75,1254.65,4,92.4
2025-01-31,KOTHARIPET.NS,175.05,187.95,25,-322.5
2025-01-31,KOTHARIPRO.NS,82.49,99.13,48,-798.72
2025-01-31,MANGCHEFER.NS,167.57,154.36,31,409.51
2025-01-31,MAZDA.NS,321.35,298.61,15,341.1
2025-01-31,MONTECARLO.NS,687.8,810.82,6,-738.12
2025-01-31,NATIONALUM.NS,198.01,210.67,23,-291.18
2025-01-31,NAVA.NS,441.45,495.13,10,-536.8
2025-01-31,NITINSPIN.NS,414.0,433.95,11,-219.45
2025-01-31,RANEHOLDIN.NS,1448.95,1748.91,3,-899.88
2025-01-31,RPPINFRA.NS,180.91,194.0,25,-327.25
2025-01-31,SRHHYPOLTD.NS,679.55,778.5,6,-593.7
2025-01-31,SUKHJITS.NS,226.95,264.75,18,-680.4
2025-01-31,TGVSL.BO,97.35,104.5,47,-336.05
2025-01-31,VLSFINANCE.NS,289.5,334.58,14,-631.12
2025-01-31,WELCORP.NS,742.0,802.8,6,-364.8
2025-02-01,CEATLTD.NS,2922.7,3208.42,2,-571.44
2025-02-01,EIDPARRY.NS,812.0,868.5,5,-282.5
2025-02-01,EMPIND.BO,1083.25,1275.0,4,-767.0
2025-02-01,GHCL.NS,701.6,709.16,7,-52.92
2025-02-01,GICRE.NS,404.25,443.4,10,-391.5
2025-02-01,GSPL.NS,335.2,353.49,13,-237.77
2025-02-01,HIMATSEIDE.NS,165.06,185.88,26,-541.32
2025-02-01,HINDPETRO.NS,344.85,408.25,12,-760.8
2025-02-01,INDIAGLYCO.NS,1284.4,1254.65,4,119.0
2025-02-01,KOTHARIPET.NS,173.81,187.95,25,-353.5
2025-02-01,KOTHARIPRO.NS,83.0,99.13,48,-774.24
2025-02-01,MANGCHEFER.NS,167.45,154.36,31,405.79
2025-02-01,MAZDA.NS,324.95,298.61,15,395.1
2025-02-01,MONTECARLO.NS,690.15,810.82,6,-724.02
2025-02-01,NATIONALUM.NS,193.76,210.67,23,-388.93
2025-02-01,NAVA.NS,436.15,495.13,10,-589.8
2025-02-01,NITINSPIN.NS,399.2,433.95,11,-382.25
2025-02-01,RANEHOLDIN.NS,1450.35,1748.91,3,-895.68
2025-02-01,RPPINFRA.NS,176.83,194.0,25,-429.25
2025-02-01,SRHHYPOLTD.NS,664.55,778.5,6,-683.7
2025-02-01,SUKHJITS.NS,224.64,264.75,18,-721.98
2025-02-01,TGVSL.BO,97.58,104.5,47,-325.24
2025-02-01,VLSFINANCE.NS,292.25,334.58,14,-592.62
2025-02-01,WELCORP.NS,735.15,802.8,6,-405.9
2025-02-03,CEATLTD.NS,3005.25,3208.42,2,-406.34
2025-02-03,EIDPARRY.NS,832.35,868.5,5,-180.75
2025-02-03,EMPIND.BO,1095.55,1275.0,4,-717.8
2025-02-03,GHCL.NS,672.05,709.16,7,-259.77
2025-02-03,GICRE.NS,388.35,443.4,10,-550.5
2025-02-03,GSPL.NS,339.25,353.49,13,-185.12
2025-02-03,HIMATSEIDE.NS,157.88,185.88,26,-728.0
2025-02-03,HINDPETRO.NS,324.9,408.25,12,-1000.2
2025-02-03,INDIAGLYCO.NS,1344.65,1254.65,4,360.0
2025-02-03,KOTHARIPET.NS,170.38,187.95,25,-439.25
2025-02-03,KOTHARIPRO.NS,82.71,99.13,48,-788.16
2025-02-03,MANGCHEFER.NS,165.81,154.36,31,354.95
2025-02-03,MAZDA.NS,308.8,298.61,15,152.85
2025-02-03,MONTECARLO.NS,687.9,810.82,6,-737.52
2025-02-03,NATIONALUM.NS,185.57,210.67,23,-577.3
2025-02-03,NAVA.NS,430.0,495.13,10,-651.3
2025-02-03,NITINSPIN.NS,399.8,433.95,11,-375.65
2025-02-03,RANEHOLDIN.NS,1437.9,1748.91,3,-933.03
2025-02-03,RPPINFRA.NS,169.57,194.0,25,-610.75
2025-02-03,SRHHYPOLTD.NS,641.0,778.5,6,-825.0
2025-02-03,SUKHJITS.NS,227.94,264.75,18,-662.58
2025-02-03,TGVSL.BO,94.65,104.5,47,-462.95
2025-02-03,VLSFINANCE.NS,285.8,334.58,14,-682.92
2025-02-03,WELCORP.NS,715.5,802.8,6,-523.8
2025-02-04,CEATLTD.NS,3059.0,3208.42,2,-298.84
2025-02-04,EIDPARRY.NS,843.65,868.5,5,-124.25
2025-02-04,EMPIND.BO,1114.85,1275.0,4,-640.6
2025-02-04,GHCL.NS,673.0,709.16,7,-253.12
2025-02-04,GICRE.NS,401.4,443.4,10,-420.0
2025-02-04,GSPL.NS,342.95,353.49,13,-137.02
2025-02-04,HIMATSEIDE.NS,163.32,185.88,26,-586.56
2025-02-04,HINDPETRO.NS,333.7,408.25,12,-894.6
2025-02-04,INDIAGLYCO.NS,1414.25,1254.65,4,638.4
2025-02-04,KOTHARIPET.NS,176.15,187.95,25,-295.0
2025-02-04,KOTHARIPRO.NS,82.46,99.13,48,-800.16
2025-02-04,MANGCHEFER.NS,165.5,154.36,31,345.34
2025-02-04,MAZDA.NS,305.65,298.61,15,105.6
2025-02-04,MONTECARLO.NS,683.9,810.82,6,-761.52
2025-02-04,NATIONALUM.NS,191.79,210.67,23,-434.24
2025-02-04,NAVA.NS,430.8,495.13,10,-643.3
2025-02-04,NITINSPIN.NS,394.4,433.95,11,-435.05
2025-02-04,RANEHOLDIN.NS,1439.85,1748.91,3,-927.18
2025-02-04,RPPINFRA.NS,172.62,194.0,25,-534.5
2025-02-04,SRHHYPOLTD.NS,652.7,778.5,6,-754.8
2025-02-04,SUKHJITS.NS,232.97,264.75,18,-572.04
2025-02-04,TGVSL.BO,97.53,104.5,47,-327.59
2025-02-04,VLSFINANCE.NS,287.25,334.58,14,-662.62
2025-02-04,WELCORP.NS,720.35,802.8,6,-494.7
2025-02-05,CEATLTD.NS,2971.5,3208.42,2,-473.84
2025-02-05,EIDPARRY.NS,840.9,868.5,5,-138.0
2025-02-05,EMPIND.BO,1126.3,1275.0,4,-594.8
2025-02-05,GHCL.NS,672.05,709.16,7,-259.77
2025-02-05,GICRE.NS,408.1,443.4,10,-353.0
2025-02-05,GSPL.NS,342.85,353.49,13,-138.32
2025-02-05,HIMATSEIDE.NS,166.13,185.88,26,-513.5
2025-02-05,HINDPETRO.NS,342.9,408.25,12,-784.2
2025-02-05,INDIAGLYCO.NS,1371.7,1254.65,4,468.2
2025-02-05,KOTHARIPET.NS,177.27,187.95,25,-267.0
2025-02-05,KOTHARIPRO.NS,83.53,99.13,48,-748.8
2025-02-05,MANGCHEFER.NS,171.7,154.36,31,537.54
2025-02-05,MAZDA.NS,311.7,298.61,15,196.35
2025-02-05,MONTECARLO.NS,709.65,810.82,6,-607.02
2025-02-05,NATIONALUM.NS,195.47,210.67,23,-349.6
2025-02-05,NAVA.NS,432.7,495.13,10,-624.3
2025-02-05,NITINSPIN.NS,401.45,433.95,11,-357.5
2025-02-05,RANEHOLDIN.NS,1431.25,1748.91,3,-952.98
2025-02-05,RPPINFRA.NS,176.31,194.0,25,-442.25
2025-02-05,SRHHYPOLTD.NS,683.1,778.5,6,-572.4
2025-02-05,SUKHJITS.NS,234.13,264.75,18,-551.16
2025-02-05,TGVSL.BO,100.79,104.5,47,-174.37
2025-02-05,VLSFINANCE.NS,297.8,334.58,14,-514.92
2025-02-05,WELCORP.NS,732.4,802.8,6,-422.4
2025-02-06,CEATLTD.NS,2930.3,3208.42,2,-556.24
2025-02-06,EIDPARRY.NS,862.2,868.5,5,-31.5
2025-02-06,EMPIND.BO,1122.35,1275.0,4,-610.6
2025-02-06,GHCL.NS,708.55,709.16,7,-4.27
2025-02-06,GICRE.NS,415.6,443.4,10,-278.0
2025-02-06,GSPL.NS,335.45,353.49,13,-234.52
2025-02-06,HIMATSEIDE.NS,163.4,185.88,26,-584.48
2025-02-06,HINDPETRO.NS,343.1,408.25,12,-781.8
2025-02-06,INDIAGLYCO.NS,1370.2,1254.65,4,462.2
2025-02-06,KOTHARIPET.NS,171.05,187.95,25,-422.5
2025-02-06,KOTHARIPRO.NS,87.24,99.13,48,-570.72
2025-02-06,MANGCHEFER.NS,168.11,154.36,31,426.25
2025-02-06,MAZDA.NS,313.9,298.61,15,229.35
2025-02-06,MONTECARLO.NS,712.35,810.82,6,-590.82
2025-02-06,NATIONALUM.NS,192.77,210.67,23,-411.7
2025-02-06,NAVA.NS,440.5,495.13,10,-546.3
2025-02-06,NITINSPIN.NS,393.05,433.95,11,-449.9
2025-02-06,RANEHOLDIN.NS,1374.0,1748.91,3,-1124.73
2025-02-06,RPPINFRA.NS,173.44,194.0,25,-514.0
2025-02-06,SRHHYPOLTD.NS,688.35,778.5,6,-540.9
2025-02-06,SUKHJITS.NS,227.89,264.75,18,-663.48
2025-02-06,TGVSL.BO,98.23,104.5,47,-294.69
2025-02-06,VLSFINANCE.NS,273.5,334.58,14,-855.12
2025-02-06,WELCORP.NS,748.3,802.8,6,-327.0
2025-02-07,CEATLTD.NS,2872.15,3208.42,2,-672.54
2025-02-07,EIDPARRY.NS,853.7,868.5,5,-74.0
2025-02-07,EMPIND.BO,1113.85,1275.0,4,-644.6
2025-02-07,GHCL.NS,696.75,709.16,7,-86.87
2025-02-07,GICRE.NS,418.6,443.4,10,-248.0
2025-02-07,GSPL.NS,333.75,353.49,13,-256.62
2025-02-07,HIMATSEIDE.NS,160.11,185.88,26,-670.02
2025-02-07,HINDPETRO.NS,342.5,408.25,12,-789.0
2025-02-07,INDIAGLYCO.NS,1327.1,1254.65,4,289.8
2025-02-07,KOTHARIPET.NS,172.79,187.95,25,-379.0
2025-02-07,KOTHARIPRO.NS,90.17,99.13,48,-430.08
2025-02-07,MANGCHEFER.NS,167.27,154.36,31,400.21
2025-02-07,MAZDA.NS,306.4,298.61,15,116.85
2025-02-07,MONTECARLO.NS,693.6,810.82,6,-703.32
2025-02-07,NATIONALUM.NS,196.3,210.67,23,-330.51
2025-02-07,NAVA.NS,424.0,495.13,10,-711.3
2025-02-07,NITINSPIN.NS,388.75,433.95,11,-497.2
2025-02-07,RANEHOLDIN.NS,1430.85,1748.91,3,-954.18
2025-02-07,RPPINFRA.NS,171.46,194.0,25,-563.5
2025-02-07,SRHHYPOLTD.NS,678.85,778.5,6,-597.9
2025-02-07,SUKHJITS.NS,225.17,264.75,18,-712.44
2025-02-07,TGVSL.BO,100.96,104.5,47,-166.38
2025-02-07,VLSFINANCE.NS,271.15,334.58,14,-888.02
2025-02-07,WELCORP.NS,801.75,802.8,6,-6.3
2025-02-10,CEATLTD.NS,2860.2,3208.42,2,-696.44
2025-02-10,EIDPARRY.NS,819.7,868.5,5,-244.0
2025-02-10,EMPIND.BO,1087.5,1275.0,4,-750.0
2025-02-10,GHCL.NS,691.6,709.16,7,-122.92
2025-02-10,GICRE.NS,401.35,443.4,10,-420.5
2025-02-10,GSPL.NS,322.1,353.49,13,-408.07
2025-02-10,HIMATSEIDE.NS,152.81,185.88,26,-859.82
2025-02-10,HINDPETRO.NS,338.3,408.25,12,-839.4
2025-02-10,INDIAGLYCO.NS,1279.55,1254.65,4,99.6
2025-02-10,KOTHARIPET.NS,169.37,187.95,25,-464.5
2025-02-10,KOTHARIPRO.NS,89.53,99.13,48,-460.8
2025-02-10,MANGCHEFER.NS,161.84,154.36,31,231.88
2025-02-10,MAZDA.NS,292.7,298.61,15,-88.65
2025-02-10,MONTECARLO.NS,675.0,810.82,6,-814.92
2025-02-10,NATIONALUM.NS,187.06,210.67,23,-543.03
2025-02-10,NAVA.NS,403.75,495.13,10,-913.8
2025-02-10,NITINSPIN.NS,376.65,433.95,11,-630.3
2025-02-10,RANEHOLDIN.NS,1425.05,1748.91,3,-971.58
2025-02-10,RPPINFRA.NS,169.11,194.0,25,-622.25
2025-02-10,SRHHYPOLTD.NS,661.1,778.5,6,-704.4
2025-02-10,SUKHJITS.NS,231.38,264.75,18,-600.66
2025-02-10,TGVSL.BO,100.32,104.5,47,-196.46
2025-02-10,VLSFINANCE.NS,262.55,334.58,14,-1008.42
2025-02-10,WELCORP.NS,777.15,802.8,6,-153.9
2025-02-11,CEATLTD.NS,2730.8,3208.42,2,-955.24
2025-02-11,EIDPARRY.NS,787.3,868.5,5,-406.0
2025-02-11,EMPIND.BO,1038.15,1275.0,4,-947.4
2025-02-11,GHCL.NS,652.15,709.16,7,-399.07
2025-02-11,GICRE.NS,380.85,443.4,10,-625.5
2025-02-11,GSPL.NS,308.1,353.49,13,-590.07
2025-02-11,HIMATSEIDE.NS,145.07,185.88,26,-1061.06
2025-02-11,HINDPETRO.NS,330.0,408.25,12,-939.0
2025-02-11,INDIAGLYCO.NS,1217.05,1254.65,4,-150.4
2025-02-11,KOTHARIPET.NS,161.87,187.95,25,-652.0
2025-02-11,KOTHARIPRO.NS,87.82,99.13,48,-542.88
2025-02-11,MANGCHEFER.NS,154.48,154.36,31,3.72
2025-02-11,MAZDA.NS,278.1,298.61,15,-307.65
2025-02-11,MONTECARLO.NS,672.3,810.82,6,-831.12
2025-02-11,NATIONALUM.NS,179.48,210.67,23,-717.37
2025-02-11,NAVA.NS,384.55,495.13,10,-1105.8
2025-02-11,NITINSPIN.NS,364.75,433.95,11,-761.2
2025-02-11,RANEHOLDIN.NS,1348.6,1748.91,3,-1200.93
2025-02-11,RPPINFRA.NS,165.17,194.0,25,-720.75
2025-02-11,SRHHYPOLTD.NS,621.35,778.5,6,-942.9
2025-02-11,SUKHJITS.NS,209.35,264.75,18,-997.2
2025-02-11,TGVSL.BO,100.04,104.5,47,-209.62
2025-02-11,VLSFINANCE.NS,252.4,334.58,14,-1150.52
2025-02-11,WELCORP.NS,778.4,802.8,6,-146.4
2025-02-12,CEATLTD.NS,2649.5,3208.42,2,-1117.84
2025-02-12,EIDPARRY.NS,795.05,868.5,5,-367.25
2025-02-12,EMPIND.BO,1026.85,1275.0,4,-992.6
2025-02-12,GHCL.NS,649.95,709.16,7,-414.47
2025-02-12,GICRE.NS,377.75,443.4,10,-656.5
2025-02-12,GSPL.NS,300.3,353.49,13,-691.47
2025-02-12,HIMATSEIDE.NS,143.31,185.88,26,-1106.82
2025-02-12,HINDPETRO.NS,323.95,408.25,12,-1011.6
2025-02-12,INDIAGLYCO.NS,1214.0,1254.65,4,-162.6
2025-02-12,KOTHARIPET.NS,155.0,187.95,25,-823.75
2025-02-12,KOTHARIPRO.NS,88.01,99.13,48,-533.76
2025-02-12,MANGCHEFER.NS,152.14,154.36,31,-68.82
2025-02-12,MAZDA.NS,272.2,298.61,15,-396.15
2025-02-12,MONTECARLO.NS,663.55,810.82,6,-883.62
2025-02-12,NATIONALUM.NS,185.72,210.67,23,-573.85
2025-02-12,NAVA.NS,382.95,495.13,10,-1121.8
2025-02-12,NITINSPIN.NS,347.95,433.95,11,-946.0
2025-02-12,RANEHOLDIN.NS,1350.55,1748.91,3,-1195.08
2025-02-12,RPPINFRA.NS,158.8,194.0,25,-880.0
2025-02-12,SRHHYPOLTD.NS,633.35,778.5,6,-870.9
2025-02-12,SUKHJITS.NS,207.22,264.75,18,-1035.54
2025-02-12,TGVSL.BO,100.58,104.5,47,-184.24
2025-02-12,VLSFINANCE.NS,249.15,334.58,14,-1196.02
2025-02-12,WELCORP.NS,777.55,802.8,6,-151.5
2025-02-13,CEATLTD.NS,2636.85,3208.42,2,-1143.14
2025-02-13,EIDPARRY.NS,779.95,868.5,5,-442.75
2025-02-13,EMPIND.BO,1072.6,1275.0,4,-809.6
2025-02-13,GHCL.NS,650.3,709.16,7,-412.02
2025-02-13,GICRE.NS,386.65,443.4,10,-567.5
2025-02-13,GSPL.NS,294.05,353.49,13,-772.72
2025-02-13,HIMATSEIDE.NS,137.5,185.88,26,-1257.88
2025-02-13,HINDPETRO.NS,320.15,408.25,12,-1057.2
2025-02-13,INDIAGLYCO.NS,1207.35,1254.65,4,-189.2
2025-02-13,KOTHARIPET.NS,151.76,187.95,25,-904.75
2025-02-13,KOTHARIPRO.NS,89.67,99.13,48,-454.08
2025-02-13,MANGCHEFER.NS,157.87,154.36,31,108.81
2025-02-13,MAZDA.NS,259.5,298.61,15,-586.65
2025-02-13,MONTECARLO.NS,644.65,810.82,6,-997.02
2025-02-13,NATIONALUM.NS,187.46,210.67,23,-533.83
2025-02-13,NAVA.NS,373.8,495.13,10,-1213.3
2025-02-13,NITINSPIN.NS,349.6,433.95,11,-927.85
2025-02-13,RANEHOLDIN.NS,1310.95,1748.91,3,-1313.88
2025-02-13,RPPINFRA.NS,156.52,194.0,25,-937.0
2025-02-13,SRHHYPOLTD.NS,620.9,778.5,6,-945.6
2025-02-13,SUKHJITS.NS,220.88,264.75,18,-789.66
2025-02-13,TGVSL.BO,100.29,104.5,47,-197.87
2025-02-13,VLSFINANCE.NS,246.2,334.58,14,-1237.32
2025-02-13,WELCORP.NS,793.25,802.8,6,-57.3
2025-02-14,CEATLTD.NS,2599.1,3208.42,2,-1218.64
2025-02-14,EIDPARRY.NS,749.85,868.5,5,-593.25
2025-02-14,EMPIND.BO,1013.2,1275.0,4,-1047.2
2025-02-14,GHCL.NS,626.05,709.16,7,-581.77
2025-02-14,GICRE.NS,369.1,443.4,10,-743.0
2025-02-14,GSPL.NS,284.05,353.49,13,-902.72
2025-02-14,HIMATSEIDE.NS,128.24,185.88,26,-1498.64
2025-02-14,HINDPETRO.NS,312.35,408.25,12,-1150.8
2025-02-14,INDIAGLYCO.NS,1151.55,1254.65,4,-412.4
2025-02-14,KOTHARIPET.NS,144.62,187.95,25,-1083.25
2025-02-14,KOTHARIPRO.NS,87.57,99.13,48,-554.88
2025-02-14,MANGCHEFER.NS,153.44,154.36,31,-28.52
2025-02-14,MAZDA.NS,249.3,298.61,15,-739.65
2025-02-14,MONTECARLO.NS,624.05,810.82,6,-1120.62
2025-02-14,NATIONALUM.NS,181.63,210.67,23,-667.92
2025-02-14,NAVA.NS,364.1,495.13,10,-1310.3
2025-02-14,NITINSPIN.NS,336.6,433.95,11,-1070.85
2025-02-14,RANEHOLDIN.NS,1312.9,1748.91,3,-1308.03
2025-02-14,RPPINFRA.NS,148.69,194.0,25,-1132.75
2025-02-14,SRHHYPOLTD.NS,596.85,778.5,6,-1089.9
2025-02-14,SUKHJITS.NS,207.83,264.75,18,-1024.56
2025-02-14,TGVSL.BO,99.51,104.5,47,-234.53
2025-02-14,VLSFINANCE.NS,233.3,334.58,14,-1417.92
2025-02-14,WELCORP.NS,737.5,802.8,6,-391.8
2025-02-17,CEATLTD.NS,2664.25,3208.42,2,-1088.34
2025-02-17,EIDPARRY.NS,719.2,868.5,5,-746.5
2025-02-17,EMPIND.BO,1024.4,1275.0,4,-1002.4
2025-02-17,GHCL.NS,630.65,709.16,7,-549.57
2025-02-17,GICRE.NS,361.5,443.4,10,-819.0
2025-02-17,GSPL.NS,284.8,353.49,13,-892.97
2025-02-17,HIMATSEIDE.NS,129.04,185.88,26,-1477.84
2025-02-17,HINDPETRO.NS,318.1,408.25,12,-1081.8
2025-02-17,INDIAGLYCO.NS,1115.2,1254.65,4,-557.8
2025-02-17,KOTHARIPET.NS,140.76,187.95,25,-1179.75
2025-02-17,KOTHARIPRO.NS,87.27,99.13,48,-569.28
2025-02-17,MANGCHEFER.NS,149.24,154.36,31,-158.72
2025-02-17,MAZDA.NS,238.2,298.61,15,-906.15
2025-02-17,MONTECARLO.NS,609.7,810.82,6,-1206.72
2025-02-17,NATIONALUM.NS,180.74,210.67,23,-688.39
2025-02-17,NAVA.NS,394.0,495.13,10,-1011.3
2025-02-17,NITINSPIN.NS,337.45,433.95,11,-1061.5
2025-02-17,RANEHOLDIN.NS,1342.7,1748.91,3,-1218.63
2025-02-17,RPPINFRA.NS,141.42,194.0,25,-1314.5
2025-02-17,SRHHYPOLTD.NS,539.4,778.5,6,-1434.6
2025-02-17,SUKHJITS.NS,211.17,264.75,18,-964.44
2025-02-17,TGVSL.BO,100.01,104.5,47,-211.03
2025-02-17,VLSFINANCE.NS,229.75,334.58,14,-1467.62
2025-02-17,WELCORP.NS,734.75,802.8,6,-408.3
2025-02-18,CEATLTD.NS,2702.45,3208.42,2,-1011.94
2025-02-18,EIDPARRY.NS,718.95,868.5,5,-747.75
2025-02-18,EMPIND.BO,1014.35,1275.0,4,-1042.6
2025-02-18,GHCL.NS,616.8,709.16,7,-646.52
2025-02-18,GICRE.NS,377.95,443.4,10,-654.5
2025-02-18,GSPL.NS,284.25,353.49,13,-900.12
2025-02-18,HIMATSEIDE.NS,124.44,185.88,26,-1597.44
2025-02-18,HINDPETRO.NS,319.95,408.25,12,-1059.6
2025-02-18,INDIAGLYCO.NS,1076.45,1254.65,4,-712.8
2025-02-18,KOTHARIPET.NS,137.47,187.95,25,-1262.0
2025-02-18,KOTHARIPRO.NS,87.19,99.13,48,-573.12
2025-02-18,MANGCHEFER.NS,150.01,154.36,31,-134.85
2025-02-18,MAZDA.NS,231.25,298.61,15,-1010.4
2025-02-18,MONTECARLO.NS,605.75,810.82,6,-1230.42
2025-02-18,NATIONALUM.NS,179.57,210.67,23,-715.3
2025-02-18,NAVA.NS,378.35,495.13,10,-1167.8
2025-02-18,NITINSPIN.NS,315.75,433.95,11,-1300.2
2025-02-18,RANEHOLDIN.NS,1313.4,1748.91,3,-1306.53
2025-02-18,RPPINFRA.NS,134.34,194.0,25,-1491.5
2025-02-18,SRHHYPOLTD.NS,520.65,778.5,6,-1547.1
2025-02-18,SUKHJITS.NS,203.8,264.75,18,-1097.1
2025-02-18,TGVSL.BO,98.83,104.5,47,-266.49
2025-02-18,VLSFINANCE.NS,224.15,334.58,14,-1546.02
2025-02-18,WELCORP.NS,709.8,802.8,6,-558.0
2025-02-19,CEATLTD.NS,2707.05,3208.42,2,-1002.74
2025-02-19,EIDPARRY.NS,701.55,868.5,5,-834.75
2025-02-19,EMPIND.BO,1040.25,1275.0,4,-939.0
2025-02-19,GHCL.NS,613.25,709.16,7,-671.37
2025-02-19,GICRE.NS,383.65,443.4,10,-597.5
2025-02-19,GSPL.NS,285.5,353.49,13,-883.87
2025-02-19,HIMATSEIDE.NS,131.7,185.88,26,-1408.68
2025-02-19,HINDPETRO.NS,324.6,408.25,12,-1003.8
2025-02-19,INDIAGLYCO.NS,1158.5,1254.65,4,-384.6
2025-02-19,KOTHARIPET.NS,151.68,187.95,25,-906.75
2025-02-19,KOTHARIPRO.NS,90.67,99.13,48,-406.08
2025-02-19,MANGCHEFER.NS,146.18,154.36,31,-253.58
2025-02-19,MAZDA.NS,242.8,298.61,15,-837.15
2025-02-19,MONTECARLO.NS,636.8,810.82,6,-1044.12
2025-02-19,NATIONALUM.NS,187.08,210.67,23,-542.57
2025-02-19,NAVA.NS,423.25,495.13,10,-718.8
2025-02-19,NITINSPIN.NS,319.45,433.95,11,-1259.5
2025-02-19,RANEHOLDIN.NS,1322.4,1748.91,3,-1279.53
2025-02-19,RPPINFRA.NS,140.41,194.0,25,-1339.75
2025-02-19,SRHHYPOLTD.NS,543.95,778.5,6,-1407.3
2025-02-19,SUKHJITS.NS,209.01,264.75,18,-1003.32
2025-02-19,TGVSL.BO,99.09,104.5,47,-254.27
2025-02-19,VLSFINANCE.NS,234.55,334.58,14,-1400.42
2025-02-19,WELCORP.NS,726.9,802.8,6,-455.4
2025-02-20,CEATLTD.NS,2735.15,3208.42,2,-946.54
2025-02-20,EIDPARRY.NS,703.45,868.5,5,-825.25
2025-02-20,EMPIND.BO,1071.25,1275.0,4,-815.0
2025-02-20,GHCL.NS,614.2,709.16,7,-664.72
2025-02-20,GICRE.NS,387.25,443.4,10,-561.5
2025-02-20,GSPL.NS,286.75,353.49,13,-867.62
2025-02-20,HIMATSEIDE.NS,132.09,185.88,26,-1398.54
2025-02-20,HINDPETRO.NS,331.7,408.25,12,-918.6
2025-02-20,INDIAGLYCO.NS,1168.95,1254.65,4,-342.8
2025-02-20,KOTHARIPET.NS,159.39,187.95,25,-714.0
2025-02-20,KOTHARIPRO.NS,86.36,99.13,48,-612.96
2025-02-20,MANGCHEFER.NS,145.88,154.36,31,-262.88
2025-02-20,MAZDA.NS,246.0,298.61,15,-789.15
2025-02-20,MONTECARLO.NS,635.7,810.82,6,-1050.72
2025-02-20,NATIONALUM.NS,193.09,210.67,23,-404.34
2025-02-20,NAVA.NS,416.5,495.13,10,-786.3
2025-02-20,NITINSPIN.NS,327.7,433.95,11,-1168.75
2025-02-20,RANEHOLDIN.NS,1304.65,1748.91,3,-1332.78
2025-02-20,RPPINFRA.NS,139.83,194.0,25,-1354.25
2025-02-20,SRHHYPOLTD.NS,560.5,778.5,6,-1308.0
2025-02-20,SUKHJITS.NS,206.68,264.75,18,-1045.26
2025-02-20,TGVSL.BO,99.93,104.5,47,-214.79
2025-02-20,VLSFINANCE.NS,238.05,334.58,14,-1351.42
2025-02-20,WELCORP.NS,769.05,802.8,6,-202.5
2025-02-21,CEATLTD.NS,2733.9,3208.42,2,-949.04
2025-02-21,EIDPARRY.NS,696.35,868.5,5,-860.75
2025-02-21,EMPIND.BO,1037.65,1275.0,4,-949.4
2025-02-21,GHCL.NS,604.4,709.16,7,-733.32
2025-02-21,GICRE.NS,385.25,443.4,10,-581.5
2025-02-21,GSPL.NS,286.45,353.49,13,-871.52
2025-02-21,HIMATSEIDE.NS,127.71,185.88,26,-1512.42
2025-02-21,HINDPETRO.NS,323.0,408.25,12,-1023.0
2025-02-21,INDIAGLYCO.NS,1154.35,1254.65,4,-401.2
2025-02-21,KOTHARIPET.NS,152.74,187.95,25,-880.25
2025-02-21,KOTHARIPRO.NS,82.19,99.13,48,-813.12
2025-02-21,MANGCHEFER.NS,145.38,154.36,31,-278.38
2025-02-21,MAZDA.NS,239.05,298.61,15,-893.4
2025-02-21,MONTECARLO.NS,621.05,810.82,6,-1138.62
2025-02-21,NATIONALUM.NS,201.01,210.67,23,-222.18
2025-02-21,NAVA.NS,406.0,495.13,10,-891.3
2025-02-21,NITINSPIN.NS,322.8,433.95,11,-1222.65
2025-02-21,RANEHOLDIN.NS,1281.95,1748.91,3,-1400.88
2025-02-21,RPPINFRA.NS,137.82,194.0,25,-1404.5
2025-02-21,SRHHYPOLTD.NS,545.4,778.5,6,-1398.6
2025-02-21,SUKHJITS.NS,206.33,264.75,18,-1051.56
2025-02-21,TGVSL.BO,99.36,104.5,47,-241.58
2025-02-21,VLSFINANCE.NS,231.8,334.58,14,-1438.92
2025-02-21,WELCORP.NS,778.4,802.8,6,-146.4
2025-02-24,CEATLTD.NS,2644.85,3208.42,2,-1127.14
2025-02-24,EIDPARRY.NS,694.8,868.5,5,-868.5
2025-02-24,EMPIND.BO,1044.05,1275.0,4,-923.8
2025-02-24,GHCL.NS,618.6,709.16,7,-633.92
2025-02-24,GICRE.NS,389.8,443.4,10,-536.0
2025-02-24,GSPL.NS,278.5,353.49,13,-974.87
2025-02-24,HIMATSEIDE.NS,126.46,185.88,26,-1544.92
2025-02-24,HINDPETRO.NS,319.3,408.25,12,-1067.4
2025-02-24,INDIAGLYCO.NS,1121.25,1254.65,4,-533.6
2025-02-24,KOTHARIPET.NS,150.91,187.95,25,-926.0
2025-02-24,KOTHARIPRO.NS,78.22,99.13,48,-1003.68
2025-02-24,MANGCHEFER.NS,141.53,154.36,31,-397.73
2025-02-24,MAZDA.NS,231.5,298.61,15,-1006.65
2025-02-24,MONTECARLO.NS,613.4,810.82,6,-1184.52
2025-02-24,NATIONALUM.NS,189.53,210.67,23,-486.22
2025-02-24,NAVA.NS,401.95,495.13,10,-931.8
2025-02-24,NITINSPIN.NS,324.3,433.95,11,-1206.15
2025-02-24,RANEHOLDIN.NS,1320.75,1748.91,3,-1284.48
2025-02-24,RPPINFRA.NS,131.02,194.0,25,-1574.5
2025-02-24,SRHHYPOLTD.NS,550.85,778.5,6,-1365.9
2025-02-24,SUKHJITS.NS,203.81,264.75,18,-1096.92
2025-02-24,TGVSL.BO,96.92,104.5,47,-356.26
2025-02-24,VLSFINANCE.NS,239.75,334.58,14,-1327.62
2025-02-24,WELCORP.NS,765.75,802.8,6,-222.3
2025-02-25,CEATLTD.NS,2702.45,3208.42,2,-1011.94
2025-02-25,EIDPARRY.NS,683.75,868.5,5,-923.75
2025-02-25,EMPIND.BO,1032.35,1275.0,4,-970.6
2025-02-25,GHCL.NS,606.45,709.16,7,-718.97
2025-02-25,GICRE.NS,391.35,443.4,10,-520.5
2025-02-25,GSPL.NS,279.55,353.49,13,-961.22
2025-02-25,HIMATSEIDE.NS,124.76,185.88,26,-1589.12
2025-02-25,HINDPETRO.NS,309.85,408.25,12,-1180.8
2025-02-25,INDIAGLYCO.NS,1125.05,1254.65,4,-518.4
2025-02-25,KOTHARIPET.NS,148.96,187.95,25,-974.75
2025-02-25,KOTHARIPRO.NS,74.58,99.13,48,-1178.4
2025-02-25,MANGCHEFER.NS,145.29,154.36,31,-281.17
2025-02-25,MAZDA.NS,230.4,298.61,15,-1023.15
2025-02-25,MONTECARLO.NS,600.85,810.82,6,-1259.82
2025-02-25,NATIONALUM.NS,180.79,210.67,23,-687.24
2025-02-25,NAVA.NS,414.25,495.13,10,-808.8
2025-02-25,NITINSPIN.NS,319.95,433.95,11,-1254.0
2025-02-25,RANEHOLDIN.NS,1301.9,1748.91,3,-1341.03
2025-02-25,RPPINFRA.NS,126.88,194.0,25,-1678.0
2025-02-25,SRHHYPOLTD.NS,549.9,778.5,6,-1371.6
2025-02-25,SUKHJITS.NS,199.82,264.75,18,-1168.74
2025-02-25,TGVSL.BO,94.96,104.5,47,-448.38
2025-02-25,VLSFINANCE.NS,234.75,334.58,14,-1397.62
2025-02-25,WELCORP.NS,762.35,802.8,6,-242.7
2025-02-27,CEATLTD.NS,2579.4,3208.42,2,-1258.04
2025-02-27,EIDPARRY.NS,683.2,868.5,5,-926.5
2025-02-27,EMPIND.BO,1015.9,1275.0,4,-1036.4
2025-02-27,GHCL.NS,585.45,709.16,7,-865.97
2025-02-27,GICRE.NS,389.9,443.4,10,-535.0
2025-02-27,GSPL.NS,279.05,353.49,13,-967.72
2025-02-27,HIMATSEIDE.NS,118.63,185.88,26,-1748.5
2025-02-27,HINDPETRO.NS,307.0,408.25,12,-1215.0
2025-02-27,INDIAGLYCO.NS,1092.45,1254.65,4,-648.8
2025-02-27,KOTHARIPET.NS,145.42,187.95,25,-1063.25
2025-02-27,KOTHARIPRO.NS,70.9,99.13,48,-1355.04
2025-02-27,MANGCHEFER.NS,137.36,154.36,31,-527.0
2025-02-27,MAZDA.NS,231.7,298.61,15,-1003.65
2025-02-27,MONTECARLO.NS,571.85,810.82,6,-1433.82
2025-02-27,NATIONALUM.NS,179.36,210.67,23,-720.13
2025-02-27,NAVA.NS,414.2,495.13,10,-809.3
2025-02-27,NITINSPIN.NS,313.05,433.95,11,-1329.9
2025-02-27,RANEHOLDIN.NS,1276.6,1748.91,3,-1416.93
2025-02-27,RPPINFRA.NS,121.43,194.0,25,-1814.25
2025-02-27,SRHHYPOLTD.NS,515.1,778.5,6,-1580.4
2025-02-27,SUKHJITS.NS,196.79,264.75,18,-1223.28
2025-02-27,TGVSL.BO,94.37,104.5,47,-476.11
2025-02-27,VLSFINANCE.NS,224.5,334.58,14,-1541.12
2025-02-27,WELCORP.NS,757.4,802.8,6,-272.4
2025-02-28,CEATLTD.NS,2532.5,3208.42,2,-1351.84
2025-02-28,EIDPARRY.NS,664.1,868.5,5,-1022.0
2025-02-28,EMPIND.BO,997.95,1275.0,4,-1108.2
2025-02-28,GHCL.NS,578.0,709.16,7,-918.12
2025-02-28,GICRE.NS,368.9,443.4,10,-745.0
2025-02-28,GSPL.NS,272.25,353.49,13,-1056.12
2025-02-28,HIMATSEIDE.NS,112.77,185.88,26,-1900.86
2025-02-28,HINDPETRO.NS,293.75,408.25,12,-1374.0
2025-02-28,INDIAGLYCO.NS,1050.7,1254.65,4,-815.8
2025-02-28,KOTHARIPET.NS,144.33,187.95,25,-1090.5
2025-02-28,KOTHARIPRO.NS,67.5,99.13,48,-1518.24
2025-02-28,MANGCHEFER.NS,131.26,154.36,31,-716.1
2025-02-28,MAZDA.NS,224.65,298.61,15,-1109.4
2025-02-28,MONTECARLO.NS,559.75,810.82,6,-1506.42
2025-02-28,NATIONALUM.NS,177.6,210.67,23,-760.61
2025-02-28,NAVA.NS,397.9,495.13,10,-972.3
2025-02-28,NITINSPIN.NS,307.85,433.95,11,-1387.1
2025-02-28,RANEHOLDIN.NS,1200.5,1748.91,3,-1645.23
2025-02-28,RPPINFRA.NS,116.86,194.0,25,-1928.5
2025-02-28,SRHHYPOLTD.NS,504.3,778.5,6,-1645.2
2025-02-28,SUKHJITS.NS,190.12,264.75,18,-1343.34
2025-02-28,TGVSL.BO,91.82,104.5,47,-595.96
2025-02-28,VLSFINANCE.NS,213.25,334.58,14,-1698.62
2025-02-28,WELCORP.NS,736.9,802.8,6,-395.4
2025-03-03,CEATLTD.NS,2382.0,3208.42,2,-1652.84
2025-03-03,EIDPARRY.NS,659.95,868.5,5,-1042.75
2025-03-03,EMPIND.BO,990.8,1275.0,4,-1136.8
2025-03-03,GHCL.NS,568.8,709.16,7,-982.52
2025-03-03,GICRE.NS,363.0,443.4,10,-804.0
2025-03-03,GSPL.NS,267.85,353.49,13,-1113.32
2025-03-03,HIMATSEIDE.NS,117.02,185.88,26,-1790.36
2025-03-03,HINDPETRO.NS,297.8,408.25,12,-1325.4
2025-03-03,INDIAGLYCO.NS,1049.15,1254.65,4,-822.0
2025-03-03,KOTHARIPET.NS,139.29,187.95,25,-1216.5
2025-03-03,KOTHARIPRO.NS,64.12,99.13,48,-1680.48
2025-03-03,MANGCHEFER.NS,130.92,154.36,31,-726.64
2025-03-03,MAZDA.NS,214.74,298.61,15,-1258.05
2025-03-03,MONTECARLO.NS,538.5,810.82,6,-1633.92
2025-03-03,NATIONALUM.NS,179.39,210.67,23,-719.44
2025-03-03,NAVA.NS,386.8,495.13,10,-1083.3
2025-03-03,NITINSPIN.NS,302.45,433.95,11,-1446.5
2025-03-03,RANEHOLDIN.NS,1165.9,1748.91,3,-1749.03
2025-03-03,RPPINFRA.NS,119.3,194.0,25,-1867.5
2025-03-03,SRHHYPOLTD.NS,490.45,778.5,6,-1728.3
2025-03-03,SUKHJITS.NS,186.74,264.75,18,-1404.18
2025-03-03,TGVSL.BO,90.12,104.5,47,-675.86
2025-03-03,VLSFINANCE.NS,201.94,334.58,14,-1856.96
2025-03-03,WELCORP.NS,697.95,802.8,6,-629.1
2025-03-04,CEATLTD.NS,2399.1,3208.42,2,-1618.64
2025-03-04,EIDPARRY.NS,660.7,868.5,5,-1039.0
2025-03-04,EMPIND.BO,1022.35,1275.0,4,-1010.6
2025-03-04,GHCL.NS,619.5,709.16,7,-627.62
2025-03-04,GICRE.NS,382.2,443.4,10,-612.0
2025-03-04,GSPL.NS,271.8,353.49,13,-1061.97
2025-03-04,HIMATSEIDE.NS,122.38,185.88,26,-1651.0
2025-03-04,HINDPETRO.NS,315.2,408.25,12,-1116.6
2025-03-04,INDIAGLYCO.NS,1090.15,1254.65,4,-658.0
2025-03-04,KOTHARIPET.NS,136.45,187.95,25,-1287.5
2025-03-04,KOTHARIPRO.NS,62.93,99.13,48,-1737.6
2025-03-04,MANGCHEFER.NS,135.13,154.36,31,-596.13
2025-03-04,MAZDA.NS,223.98,298.61,15,-1119.45
2025-03-04,MONTECARLO.NS,537.95,810.82,6,-1637.22
2025-03-04,NATIONALUM.NS,179.08,210.67,23,-726.57
2025-03-04,NAVA.NS,383.1,495.13,10,-1120.3
2025-03-04,NITINSPIN.NS,306.75,433.95,11,-1399.2
2025-03-04,RANEHOLDIN.NS,1191.6,1748.91,3,-1671.93
2025-03-04,RPPINFRA.NS,125.26,194.0,25,-1718.5
2025-03-04,SRHHYPOLTD.NS,484.85,778.5,6,-1761.9
2025-03-04,SUKHJITS.NS,185.97,264.75,18,-1418.04
2025-03-04,TGVSL.BO,90.62,104.5,47,-652.36
2025-03-04,VLSFINANCE.NS,191.77,334.58,14,-1999.34
2025-03-04,WELCORP.NS,708.65,802.8,6,-564.9
2025-03-05,CEATLTD.NS,2583.0,3208.42,2,-1250.84
2025-03-05,EIDPARRY.NS,681.85,868.5,5,-933.25
2025-03-05,EMPIND.BO,1034.0,1275.0,4,-964.0
2025-03-05,GHCL.NS,636.25,709.16,7,-510.37
2025-03-05,GICRE.NS,391.6,443.4,10,-518.0
2025-03-05,GSPL.NS,291.8,353.49,13,-801.97
2025-03-05,HIMATSEIDE.NS,125.52,185.88,26,-1569.36
2025-03-05,HINDPETRO.NS,326.15,408.25,12,-985.2
2025-03-05,INDIAGLYCO.NS,1129.55,1254.65,4,-500.4
2025-03-05,KOTHARIPET.NS,143.57,187.95,25,-1109.5
2025-03-05,KOTHARIPRO.NS,63.45,99.13,48,-1712.64
2025-03-05,MANGCHEFER.NS,139.82,154.36,31,-450.74
2025-03-05,MAZDA.NS,224.07,298.61,15,-1118.1
2025-03-05,MONTECARLO.NS,565.4,810.82,6,-1472.52
2025-03-05,NATIONALUM.NS,189.29,210.67,23,-491.74
2025-03-05,NAVA.NS,415.35,495.13,10,-797.8
2025-03-05,NITINSPIN.NS,340.0,433.95,11,-1033.45
2025-03-05,RANEHOLDIN.NS,1286.35,1748.91,3,-1387.68
2025-03-05,RPPINFRA.NS,131.52,194.0,25,-1562.0
2025-03-05,SRHHYPOLTD.NS,512.35,778.5,6,-1596.9
2025-03-05,SUKHJITS.NS,193.64,264.75,18,-1279.98
2025-03-05,TGVSL.BO,95.55,104.5,47,-420.65
2025-03-05,VLSFINANCE.NS,201.5,334.58,14,-1863.12
2025-03-05,WELCORP.NS,757.85,802.8,6,-269.7
2025-03-06,CEATLTD.NS,2575.25,3208.42,2,-1266.34
2025-03-06,EIDPARRY.NS,701.75,868.5,5,-833.75
2025-03-06,EMPIND.BO,1044.55,1275.0,4,-921.8
2025-03-06,GHCL.NS,657.5,709.16,7,-361.62
2025-03-06,GICRE.NS,390.05,443.4,10,-533.5
2025-03-06,GSPL.NS,293.65,353.49,13,-777.92
2025-03-06,HIMATSEIDE.NS,130.8,185.88,26,-1432.08
2025-03-06,HINDPETRO.NS,339.15,408.25,12,-829.2
2025-03-06,INDIAGLYCO.NS,1143.35,1254.65,4,-445.2
2025-03-06,KOTHARIPET.NS,148.69,187.95,25,-981.5
2025-03-06,KOTHARIPRO.NS,66.61,99.13,48,-1560.96
2025-03-06,MANGCHEFER.NS,138.75,154.36,31,-483.91
2025-03-06,MAZDA.NS,231.23,298.61,15,-1010.7
2025-03-06,MONTECARLO.NS,596.95,810.82,6,-1283.22
2025-03-06,NATIONALUM.NS,192.79,210.67,23,-411.24
2025-03-06,NAVA.NS,440.65,495.13,10,-544.8
2025-03-06,NITINSPIN.NS,344.45,433.95,11,-984.5
2025-03-06,RANEHOLDIN.NS,1323.55,1748.91,3,-1276.08
2025-03-06,RPPINFRA.NS,138.09,194.0,25,-1397.75
2025-03-06,SRHHYPOLTD.NS,520.3,778.5,6,-1549.2
2025-03-06,SUKHJITS.NS,194.52,264.75,18,-1264.14
2025-03-06,TGVSL.BO,98.31,104.5,47,-290.93
2025-03-06,VLSFINANCE.NS,206.44,334.58,14,-1793.96
2025-03-06,WELCORP.NS,783.45,802.8,6,-116.1
2025-03-07,CEATLTD.NS,2597.6,3208.42,2,-1221.64
2025-03-07,EIDPARRY.NS,697.75,868.5,5,-853.75
2025-03-07,EMPIND.BO,1033.75,1275.0,4,-965.0
2025-03-07,GHCL.NS,657.9,709.16,7,-358.82
2025-03-07,GICRE.NS,382.4,443.4,10,-610.0
2025-03-07,GSPL.NS,288.2,353.49,13,-848.77
2025-03-07,HIMATSEIDE.NS,136.9,185.88,26,-1273.48
2025-03-07,HINDPETRO.NS,332.45,408.25,12,-909.6
2025-03-07,INDIAGLYCO.NS,1138.2,1254.65,4,-465.8
2025-03-07,KOTHARIPET.NS,152.74,187.95,25,-880.25
2025-03-07,KOTHARIPRO.NS,69.94,99.13,48,-1401.12
2025-03-07,MANGCHEFER.NS,140.1,154.36,31,-442.06
2025-03-07,MAZDA.NS,241.04,298.61,15,-863.55
2025-03-07,MONTECARLO.NS,594.25,810.82,6,-1299.42
2025-03-07,NATIONALUM.NS,195.17,210.67,23,-356.5
2025-03-07,NAVA.NS,439.45,495.13,10,-556.8
2025-03-07,NITINSPIN.NS,347.6,433.95,11,-949.85
2025-03-07,RANEHOLDIN.NS,1326.45,1748.91,3,-1267.38
2025-03-07,RPPINFRA.NS,144.99,194.0,25,-1225.25
2025-03-07,SRHHYPOLTD.NS,526.45,778.5,6,-1512.3
2025-03-07,SUKHJITS.NS,194.21,264.75,18,-1269.72
2025-03-07,TGVSL.BO,96.62,104.5,47,-370.36
2025-03-07,VLSFINANCE.NS,218.41,334.58,14,-1626.38
2025-03-07,WELCORP.NS,795.25,802.8,6,-45.3
2025-03-10,CEATLTD.NS,2578.55,3208.42,2,-1259.74
2025-03-10,EIDPARRY.NS,684.15,868.5,5,-921.75
2025-03-10,EMPIND.BO,1022.55,1275.0,4,-1009.8
2025-03-10,GHCL.NS,641.2,709.16,7,-475.72
2025-03-10,GICRE.NS,377.7,443.4,10,-657.0
2025-03-10,GSPL.NS,279.75,353.49,13,-958.62
2025-03-10,HIMATSEIDE.NS,128.06,185.88,26,-1503.32
2025-03-10,HINDPETRO.NS,325.8,408.25,12,-989.4
2025-03-10,INDIAGLYCO.NS,1105.75,1254.65,4,-595.6
2025-03-10,KOTHARIPET.NS,144.52,187.95,25,-1085.75
2025-03-10,KOTHARIPRO.NS,73.43,99.13,48,-1233.6
2025-03-10,MANGCHEFER.NS,140.45,154.36,31,-431.21
2025-03-10,MAZDA.NS,232.43,298.61,15,-992.7
2025-03-10,MONTECARLO.NS,577.15,810.82,6,-1402.02
2025-03-10,NATIONALUM.NS,188.12,210.67,23,-518.65
2025-03-10,NAVA.NS,425.3,495.13,10,-698.3
2025-03-10,NITINSPIN.NS,335.4,433.95,11,-1084.05
2025-03-10,RANEHOLDIN.NS,1275.75,1748.91,3,-1419.48
2025-03-10,RPPINFRA.NS,138.09,194.0,25,-1397.75
2025-03-10,SRHHYPOLTD.NS,500.3,778.5,6,-1669.2
2025-03-10,SUKHJITS.NS,187.42,264.75,18,-1391.94
2025-03-10,TGVSL.BO,93.7,104.5,47,-507.6
2025-03-10,VLSFINANCE.NS,205.63,334.58,14,-1805.3
2025-03-10,WELCORP.NS,793.15,802.8,6,-57.9
2025-03-11,CEATLTD.NS,2539.85,3208.42,2,-1337.14
2025-03-11,EIDPARRY.NS,679.1,868.5,5,-947.0
2025-03-11,EMPIND.BO,993.25,1275.0,4,-1127.0
2025-03-11,GHCL.NS,631.05,709.16,7,-546.77
2025-03-11,GICRE.NS,375.4,443.4,10,-680.0
2025-03-11,GSPL.NS,274.25,353.49,13,-1030.12
2025-03-11,HIMATSEIDE.NS,132.7,185.88,26,-1382.68
2025-03-11,HINDPETRO.NS,329.7,408.25,12,-942.6
2025-03-11,INDIAGLYCO.NS,1112.4,1254.65,4,-569.0
2025-03-11,KOTHARIPET.NS,141.56,187.95,25,-1159.75
2025-03-11,KOTHARIPRO.NS,72.22,99.13,48,-1291.68
2025-03-11,MANGCHEFER.NS,137.52,154.36,31,-522.04
2025-03-11,MAZDA.NS,229.93,298.61,15,-1030.2
2025-03-11,MONTECARLO.NS,565.7,810.82,6,-1470.72
2025-03-11,NATIONALUM.NS,189.71,210.67,23,-482.08
2025-03-11,NAVA.NS,416.95,495.13,10,-781.8
2025-03-11,NITINSPIN.NS,335.9,433.95,11,-1078.55
2025-03-11,RANEHOLDIN.NS,1299.65,1748.91,3,-1347.78
2025-03-11,RPPINFRA.NS,140.5,194.0,25,-1337.5
2025-03-11,SRHHYPOLTD.NS,493.15,778.5,6,-1712.1
2025-03-11,SUKHJITS.NS,189.53,264.75,18,-1353.96
2025-03-11,TGVSL.BO,93.45,104.5,47,-519.35
2025-03-11,VLSFINANCE.NS,206.14,334.58,14,-1798.16
2025-03-11,WELCORP.NS,816.4,802.8,6,81.6
2025-03-12,CEATLTD.NS,2603.5,3208.42,2,-1209.84
2025-03-12,EIDPARRY.NS,698.85,868.5,5,-848.25
2025-03-12,EMPIND.BO,1006.1,1275.0,4,-1075.6
2025-03-12,GHCL.NS,630.0,709.16,7,-554.12
2025-03-12,GICRE.NS,378.95,443.4,10,-644.5
2025-03-12,GSPL.NS,274.15,353.49,13,-1031.42
2025-03-12,HIMATSEIDE.NS,146.19,185.88,26,-1031.94
2025-03-12,HINDPETRO.NS,327.35,408.25,12,-970.8
2025-03-12,INDIAGLYCO.NS,1103.6,1254.65,4,-604.2
2025-03-12,KOTHARIPET.NS,142.44,187.95,25,-1137.75
2025-03-12,KOTHARIPRO.NS,70.55,99.13,48,-1371.84
2025-03-12,MANGCHEFER.NS,140.21,154.36,31,-438.65
2025-03-12,MAZDA.NS,235.3,298.61,15,-949.65
2025-03-12,MONTECARLO.NS,551.65,810.82,6,-1555.02
2025-03-12,NATIONALUM.NS,191.54,210.67,23,-439.99
2025-03-12,NAVA.NS,409.55,495.13,10,-855.8
2025-03-12,NITINSPIN.NS,329.65,433.95,11,-1147.3
2025-03-12,RANEHOLDIN.NS,1264.85,1748.91,3,-1452.18
2025-03-12,RPPINFRA.NS,134.39,194.0,25,-1490.25
2025-03-12,SRHHYPOLTD.NS,495.15,778.5,6,-1700.1
2025-03-12,SUKHJITS.NS,193.55,264.75,18,-1281.6
2025-03-12,TGVSL.BO,92.55,104.5,47,-561.65
2025-03-12,VLSFINANCE.NS,202.88,334.58,14,-1843.8
2025-03-12,WELCORP.NS,820.4,802.8,6,105.6
2025-03-13,CEATLTD.NS,2640.7,3208.42,2,-1135.44
2025-03-13,EIDPARRY.NS,694.2,868.5,5,-871.5
2025-03-13,EMPIND.BO,1020.0,1275.0,4,-1020.0
2025-03-13,GHCL.NS,617.7,709.16,7,-640.22
2025-03-13,GICRE.NS,384.55,443.4,10,-588.5
2025-03-13,GSPL.NS,272.5,353.49,13,-1052.87
2025-03-13,HIMATSEIDE.NS,145.58,185.88,26,-1047.8
2025-03-13,HINDPETRO.NS,323.7,408.25,12,-1014.6
2025-03-13,INDIAGLYCO.NS,1071.35,1254.65,4,-733.2
2025-03-13,KOTHARIPET.NS,141.55,187.95,25,-1160.0
2025-03-13,KOTHARIPRO.NS,68.41,99.13,48,-1474.56
2025-03-13,MANGCHEFER.NS,142.48,154.36,31,-368.28
2025-03-13,MAZDA.NS,233.56,298.61,15,-975.75
2025-03-13,MONTECARLO.NS,556.45,810.82,6,-1526.22
2025-03-13,NATIONALUM.NS,187.87,210.67,23,-524.4
2025-03-13,NAVA.NS,404.3,495.13,10,-908.3
2025-03-13,NITINSPIN.NS,321.2,433.95,11,-1240.25
2025-03-13,RANEHOLDIN.NS,1236.55,1748.91,3,-1537.08
2025-03-13,RPPINFRA.NS,137.27,194.0,25,-1418.25
2025-03-13,SRHHYPOLTD.NS,494.5,778.5,6,-1704.0
2025-03-13,SUKHJITS.NS,193.73,264.75,18,-1278.36
2025-03-13,TGVSL.BO,93.72,104.5,47,-506.66
2025-03-13,VLSFINANCE.NS,202.0,334.58,14,-1856.12
2025-03-13,WELCORP.NS,810.1,802.8,6,43.8
2025-03-17,CEATLTD.NS,2638.55,3208.42,2,-1139.74
2025-03-17,EIDPARRY.NS,720.6,868.5,5,-739.5
2025-03-17,EMPIND.BO,1010.05,1275.0,4,-1059.8
2025-03-17,GHCL.NS,598.05,709.16,7,-777.77
2025-03-17,GICRE.NS,391.6,443.4,10,-518.0
2025-03-17,GSPL.NS,273.05,353.49,13,-1045.72
2025-03-17,HIMATSEIDE.NS,147.16,185.88,26,-1006.72
2025-03-17,HINDPETRO.NS,325.5,408.25,12,-993.0
2025-03-17,INDIAGLYCO.NS,1095.65,1254.65,4,-636.0
2025-03-17,KOTHARIPET.NS,137.03,187.95,25,-1273.0
2025-03-17,KOTHARIPRO.NS,69.98,99.13,48,-1399.2
2025-03-17,MANGCHEFER.NS,143.88,154.36,31,-324.88
2025-03-17,MAZDA.NS,222.98,298.61,15,-1134.45
2025-03-17,MONTECARLO.NS,546.3,810.82,6,-1587.12
2025-03-17,NATIONALUM.NS,185.03,210.67,23,-589.72
2025-03-17,NAVA.NS,411.1,495.13,10,-840.3
2025-03-17,NITINSPIN.NS,323.2,433.95,11,-1218.25
2025-03-17,RANEHOLDIN.NS,1267.55,1748.91,3,-1444.08
2025-03-17,RPPINFRA.NS,134.17,194.0,25,-1495.75
2025-03-17,SRHHYPOLTD.NS,472.55,778.5,6,-1835.7
2025-03-17,SUKHJITS.NS,190.55,264.75,18,-1335.6
2025-03-17,TGVSL.BO,93.11,104.5,47,-535.33
2025-03-17,VLSFINANCE.NS,197.09,334.58,14,-1924.86
2025-03-17,WELCORP.NS,808.15,802.8,6,32.1
2025-03-18,CEATLTD.NS,2638.55,3208.42,2,-1139.74
2025-03-18,EIDPARRY.NS,720.6,868.5,5,-739.5
2025-03-18,EMPIND.BO,1033.9,1275.0,4,-964.4
2025-03-18,GHCL.NS,598.05,709.16,7,-777.77
2025-03-18,GICRE.NS,391.6,443.4,10,-518.0
2025-03-18,GSPL.NS,273.05,353.49,13,-1045.72
2025-03-18,HIMATSEIDE.NS,147.16,185.88,26,-1006.72
2025-03-18,HINDPETRO.NS,325.5,408.25,12,-993.0
2025-03-18,INDIAGLYCO.NS,1095.65,1254.65,4,-636.0
2025-03-18,KOTHARIPET.NS,137.03,187.95,25,-1273.0
2025-03-18,KOTHARIPRO.NS,69.98,99.13,48,-1399.2
2025-03-18,MANGCHEFER.NS,143.88,154.36,31,-324.88
2025-03-18,MAZDA.NS,222.98,298.61,15,-1134.45
2025-03-18,MONTECARLO.NS,546.3,810.82,6,-1587.12
2025-03-18,NATIONALUM.NS,185.03,210.67,23,-589.72
2025-03-18,NAVA.NS,411.1,495.13,10,-840.3
2025-03-18,NITINSPIN.NS,323.2,433.95,11,-1218.25
2025-03-18,RANEHOLDIN.NS,1267.55,1748.91,3,-1444.08
2025-03-18,RPPINFRA.NS,134.17,194.0,25,-1495.75
2025-03-18,SRHHYPOLTD.NS,472.55,778.5,6,-1835.7
2025-03-18,SUKHJITS.NS,190.55,264.75,18,-1335.6
2025-03-18,TGVSL.BO,94.99,104.5,47,-446.97
2025-03-18,VLSFINANCE.NS,197.09,334.58,14,-1924.86
2025-03-18,WELCORP.NS,808.15,802.8,6,32.1
2025-03-19,CEATLTD.NS,2731.5,3208.42,2,-953.84
2025-03-19,EIDPARRY.NS,760.7,868.5,5,-539.0
2025-03-19,EMPIND.BO,1034.6,1275.0,4,-961.6
2025-03-19,GHCL.NS,622.45,709.16,7,-606.97
2025-03-19,GICRE.NS,418.45,443.4,10,-249.5
2025-03-19,GSPL.NS,277.15,353.49,13,-992.42
2025-03-19,HIMATSEIDE.NS,149.04,185.88,26,-957.84
2025-03-19,HINDPETRO.NS,328.0,408.25,12,-963.0
2025-03-19,INDIAGLYCO.NS,1119.15,1254.65,4,-542.0
2025-03-19,KOTHARIPET.NS,147.55,187.95,25,-1010.0
2025-03-19,KOTHARIPRO.NS,72.74,99.13,48,-1266.72
2025-03-19,MANGCHEFER.NS,148.68,154.36,31,-176.08
2025-03-19,MAZDA.NS,235.09,298.61,15,-952.8
2025-03-19,MONTECARLO.NS,555.6,810.82,6,-1531.32
2025-03-19,NATIONALUM.NS,186.38,210.67,23,-558.67
2025-03-19,NAVA.NS,446.45,495.13,10,-486.8
2025-03-19,NITINSPIN.NS,337.65,433.95,11,-1059.3
2025-03-19,RANEHOLDIN.NS,1287.95,1748.91,3,-1382.88
2025-03-19,RPPINFRA.NS,145.0,194.0,25,-1225.0
2025-03-19,SRHHYPOLTD.NS,527.8,778.5,6,-1504.2
2025-03-19,SUKHJITS.NS,195.18,264.75,18,-1252.26
2025-03-19,TGVSL.BO,98.53,104.5,47,-280.59
2025-03-19,VLSFINANCE.NS,210.52,334.58,14,-1736.84
2025-03-19,WELCORP.NS,809.8,802.8,6,42.0
2025-03-20,CEATLTD.NS,2767.2,3208.42,2,-882.44
2025-03-20,EIDPARRY.NS,751.55,868.5,5,-584.75
2025-03-20,EMPIND.BO,1033.9,1275.0,4,-964.4
2025-03-20,GHCL.NS,624.5,709.16,7,-592.62
2025-03-20,GICRE.NS,409.5,443.4,10,-339.0
2025-03-20,GSPL.NS,285.65,353.49,13,-881.92
2025-03-20,HIMATSEIDE.NS,148.79,185.88,26,-964.34
2025-03-20,HINDPETRO.NS,336.55,408.25,12,-860.4
2025-03-20,INDIAGLYCO.NS,1103.7,1254.65,4,-603.8
2025-03-20,KOTHARIPET.NS,152.69,187.95,25,-881.5
2025-03-20,KOTHARIPRO.NS,73.51,99.13,48,-1229.76
2025-03-20,MANGCHEFER.NS,147.26,154.36,31,-220.1
2025-03-20,MAZDA.NS,246.79,298.61,15,-777.3
2025-03-20,MONTECARLO.NS,558.65,810.82,6,-1513.02
2025-03-20,NATIONALUM.NS,190.57,210.67,23,-462.3
2025-03-20,NAVA.NS,466.3,495.13,10,-288.3
2025-03-20,NITINSPIN.NS,336.9,433.95,11,-1067.55
2025-03-20,RANEHOLDIN.NS,1298.05,1748.91,3,-1352.58
2025-03-20,RPPINFRA.NS,141.75,194.0,25,-1306.25
2025-03-20,SRHHYPOLTD.NS,518.2,778.5,6,-1561.8
2025-03-20,SUKHJITS.NS,193.53,264.75,18,-1281.96
2025-03-20,TGVSL.BO,99.61,104.5,47,-229.83
2025-03-20,VLSFINANCE.NS,210.94,334.58,14,-1730.96
2025-03-20,WELCORP.NS,872.1,802.8,6,415.8
2025-03-21,CEATLTD.NS,2840.2,3208.42,2,-736.44
2025-03-21,EIDPARRY.NS,777.9,868.5,5,-453.0
2025-03-21,EMPIND.BO,1049.25,1275.0,4,-903.0
2025-03-21,GHCL.NS,633.25,709.16,7,-531.37
2025-03-21,GICRE.NS,445.35,443.4,10,19.5
2025-03-21,GSPL.NS,288.7,353.49,13,-842.27
2025-03-21,HIMATSEIDE.NS,155.27,185.88,26,-795.86
2025-03-21,HINDPETRO.NS,356.95,408.25,12,-615.6
2025-03-21,INDIAGLYCO.NS,1077.5,1254.65,4,-708.6
2025-03-21,KOTHARIPET.NS,163.93,187.95,25,-600.5
2025-03-21,KOTHARIPRO.NS,73.73,99.13,48,-1219.2
2025-03-21,MANGCHEFER.NS,148.85,154.36,31,-170.81
2025-03-21,MAZDA.NS,251.79,298.61,15,-702.3
2025-03-21,MONTECARLO.NS,542.45,810.82,6,-1610.22
2025-03-21,NATIONALUM.NS,185.52,210.67,23,-578.45
2025-03-21,NAVA.NS,477.75,495.13,10,-173.8
2025-03-21,NITINSPIN.NS,347.15,433.95,11,-954.8
2025-03-21,RANEHOLDIN.NS,1336.0,1748.91,3,-1238.73
2025-03-21,RPPINFRA.NS,142.69,194.0,25,-1282.75
2025-03-21,SRHHYPOLTD.NS,523.7,778.5,6,-1528.8
2025-03-21,SUKHJITS.NS,197.46,264.75,18,-1211.22
2025-03-21,TGVSL.BO,98.3,104.5,47,-291.4
2025-03-21,VLSFINANCE.NS,218.95,334.58,14,-1618.82
2025-03-21,WELCORP.NS,879.4,802.8,6,459.6
2025-03-24,BHARATSE.NS,84.43,94.45,52,-521.04
2025-03-24,CEATLTD.NS,2857.2,3208.42,2,-702.44
2025-03-24,EIDPARRY.NS,784.25,868.5,5,-421.25
2025-03-24,EMPIND.BO,1034.5,1275.0,4,-962.0
2025-03-24,GHCL.NS,622.4,709.16,7,-607.32
2025-03-24,GICRE.NS,441.9,443.4,10,-15.0
2025-03-24,GSPL.NS,293.55,353.49,13,-779.22
2025-03-24,HIMATSEIDE.NS,152.58,185.88,26,-865.8
2025-03-24,HINDPETRO.NS,361.9,408.25,12,-556.2
2025-03-24,INDIAGLYCO.NS,1087.7,1254.65,4,-667.8
2025-03-24,KOTHARIPET.NS,172.36,187.95,25,-389.75
2025-03-24,KOTHARIPRO.NS,74.97,99.13,48,-1159.68
2025-03-24,MANGCHEFER.NS,153.3,154.36,31,-32.86
2025-03-24,MAZDA.NS,264.35,298.61,15,-513.9
2025-03-24,MONTECARLO.NS,572.15,810.82,6,-1432.02
2025-03-24,NATIONALUM.NS,187.04,210.67,23,-543.49
2025-03-24,NAVA.NS,485.0,495.13,10,-101.3
2025-03-24,NITINSPIN.NS,352.55,433.95,11,-895.4
2025-03-24,RANEHOLDIN.NS,1322.55,1748.91,3,-1279.08
2025-03-24,RPPINFRA.NS,144.78,194.0,25,-1230.5
2025-03-24,SRHHYPOLTD.NS,524.35,778.5,6,-1524.9
2025-03-24,SUKHJITS.NS,196.5,264.75,18,-1228.5
2025-03-24,TGVSL.BO,104.82,104.5,47,15.04
2025-03-24,VLSFINANCE.NS,220.05,334.58,14,-1603.42
2025-03-24,WELCORP.NS,868.2,802.8,6,392.4
2025-03-25,BHARATSE.NS,84.4,94.45,52,-522.6
2025-03-25,CEATLTD.NS,2911.4,3208.42,2,-594.04
2025-03-25,EIDPARRY.NS,784.15,868.5,5,-421.75
2025-03-25,EMPIND.BO,1018.4,1275.0,4,-1026.4
2025-03-25,GHCL.NS,614.3,709.16,7,-664.02
2025-03-25,GICRE.NS,427.35,443.4,10,-160.5
2025-03-25,GSPL.NS,288.95,353.49,13,-839.02
2025-03-25,HIMATSEIDE.NS,147.4,185.88,26,-1000.48
2025-03-25,HINDPETRO.NS,361.45,408.25,12,-561.6
2025-03-25,INDIAGLYCO.NS,1071.75,1254.65,4,-731.6
2025-03-25,KOTHARIPET.NS,161.55,187.95,25,-660.0
2025-03-25,KOTHARIPRO.NS,72.14,99.13,48,-1295.52
2025-03-25,MANGCHEFER.NS,151.39,154.36,31,-92.07
2025-03-25,MAZDA.NS,258.59,298.61,15,-600.3
2025-03-25,MONTECARLO.NS,553.5,810.82,6,-1543.92
2025-03-25,NATIONALUM.NS,180.66,210.67,23,-690.23
2025-03-25,NAVA.NS,470.25,495.13,10,-248.8
2025-03-25,NITINSPIN.NS,339.85,433.95,11,-1035.1
2025-03-25,RANEHOLDIN.NS,1333.75,1748.91,3,-1245.48
2025-03-25,RPPINFRA.NS,145.38,194.0,25,-1215.5
2025-03-25,SRHHYPOLTD.NS,517.8,778.5,6,-1564.2
2025-03-25,SUKHJITS.NS,189.92,264.75,18,-1346.94
2025-03-25,TGVSL.BO,100.85,104.5,47,-171.55
2025-03-25,VLSFINANCE.NS,211.37,334.58,14,-1724.94
2025-03-25,WELCORP.NS,829.2,802.8,6,158.4
2025-03-26,BHARATSE.NS,80.43,94.45,52,-729.04
2025-03-26,CEATLTD.NS,2882.7,3208.42,2,-651.44
2025-03-26,EIDPARRY.NS,781.5,868.5,5,-435.0
2025-03-26,EMPIND.BO,1014.45,1275.0,4,-1042.2
2025-03-26,GHCL.NS,612.7,709.16,7,-675.22
2025-03-26,GICRE.NS,420.15,443.4,10,-232.5
2025-03-26,GSPL.NS,287.9,353.49,13,-852.67
2025-03-26,HIMATSEIDE.NS,144.57,185.88,26,-1074.06
2025-03-26,HINDPETRO.NS,351.9,408.25,12,-676.2
2025-03-26,INDIAGLYCO.NS,1063.9,1254.65,4,-763.0
2025-03-26,KOTHARIPET.NS,157.1,187.95,25,-771.25
2025-03-26,KOTHARIPRO.NS,70.58,99.13,48,-1370.4
2025-03-26,MANGCHEFER.NS,152.16,154.36,31,-68.2
2025-03-26,MAZDA.NS,253.41,298.61,15,-678.0
2025-03-26,MONTECARLO.NS,541.4,810.82,6,-1616.52
2025-03-26,NATIONALUM.NS,179.24,210.67,23,-722.89
2025-03-26,NAVA.NS,492.1,495.13,10,-30.3
2025-03-26,NITINSPIN.NS,325.85,433.95,11,-1189.1
2025-03-26,RANEHOLDIN.NS,1265.1,1748.91,3,-1451.43
2025-03-26,RPPINFRA.NS,147.3,194.0,25,-1167.5
2025-03-26,SRHHYPOLTD.NS,500.65,778.5,6,-1667.1
2025-03-26,SUKHJITS.NS,187.86,264.75,18,-1384.02
2025-03-26,TGVSL.BO,98.8,104.5,47,-267.9
2025-03-26,VLSFINANCE.NS,204.86,334.58,14,-1816.08
2025-03-26,WELCORP.NS,826.9,802.8,6,144.6
2025-03-27,BHARATSE.NS,77.15,94.45,52,-899.6
2025-03-27,CEATLTD.NS,2839.5,3208.42,2,-737.84
2025-03-27,EIDPARRY.NS,789.2,868.5,5,-396.5
2025-03-27,EMPIND.BO,1018.8,1275.0,4,-1024.8
2025-03-27,GHCL.NS,599.75,709.16,7,-765.87
2025-03-27,GICRE.NS,416.85,443.4,10,-265.5
2025-03-27,GSPL.NS,297.1,353.49,13,-733.07
2025-03-27,HIMATSEIDE.NS,143.93,185.88,26,-1090.7
2025-03-27,HINDPETRO.NS,359.55,408.25,12,-584.4
2025-03-27,INDIAGLYCO.NS,1095.05,1254.65,4,-638.4
2025-03-27,KOTHARIPET.NS,164.0,187.95,25,-598.75
2025-03-27,KOTHARIPRO.NS,70.05,99.13,48,-1395.84
2025-03-27,MANGCHEFER.NS,152.74,154.36,31,-50.22
2025-03-27,MAZDA.NS,248.34,298.61,15,-754.05
2025-03-27,MONTECARLO.NS,530.65,810.82,6,-1681.02
2025-03-27,NATIONALUM.NS,178.81,210.67,23,-732.78
2025-03-27,NAVA.NS,495.35,495.13,10,2.2
2025-03-27,NITINSPIN.NS,320.05,433.95,11,-1252.9
2025-03-27,RANEHOLDIN.NS,1261.85,1748.91,3,-1461.18
2025-03-27,RPPINFRA.NS,141.11,194.0,25,-1322.25
2025-03-27,SRHHYPOLTD.NS,512.1,778.5,6,-1598.4
2025-03-27,SUKHJITS.NS,191.31,264.75,18,-1321.92
2025-03-27,TGVSL.BO,95.58,104.5,47,-419.24
2025-03-27,VLSFINANCE.NS,203.96,334.58,14,-1828.68
2025-03-27,WELCORP.NS,871.9,802.8,6,414.6
2025-03-28,BHARATSE.NS,76.33,94.45,52,-942.24
2025-03-28,CEATLTD.NS,2879.5,3208.42,2,-657.84
2025-03-28,EIDPARRY.NS,785.6,868.5,5,-414.5
2025-03-28,EMPIND.BO,1046.6,1275.0,4,-913.6
2025-03-28,GHCL.NS,614.85,709.16,7,-660.17
2025-03-28,GICRE.NS,421.1,443.4,10,-223.0
2025-03-28,GSPL.NS,291.3,353.49,13,-808.47
2025-03-28,HIMATSEIDE.NS,140.89,185.88,26,-1169.74
2025-03-28,HINDPETRO.NS,360.35,408.25,12,-574.8
2025-03-28,INDIAGLYCO.NS,1109.8,1254.65,4,-579.4
2025-03-28,KOTHARIPET.NS,157.42,187.95,25,-763.25
2025-03-28,KOTHARIPRO.NS,68.15,99.13,48,-1487.04
2025-03-28,MANGCHEFER.NS,155.66,154.36,31,40.3
2025-03-28,MAZDA.NS,243.37,298.61,15,-828.6
2025-03-28,MONTECARLO.NS,525.25,810.82,6,-1713.42
2025-03-28,NATIONALUM.NS,175.53,210.67,23,-808.22
2025-03-28,NAVA.NS,518.75,495.13,10,236.2
2025-03-28,NITINSPIN.NS,319.0,433.95,11,-1264.45
2025-03-28,RANEHOLDIN.NS,1275.85,1748.91,3,-1419.18
2025-03-28,RPPINFRA.NS,137.34,194.0,25,-1416.5
2025-03-28,SRHHYPOLTD.NS,492.35,778.5,6,-1716.9
2025-03-28,SUKHJITS.NS,194.9,264.75,18,-1257.3
2025-03-28,TGVSL.BO,94.9,104.5,47,-451.2
2025-03-28,VLSFINANCE.NS,203.17,334.58,14,-1839.74
2025-03-28,WELCORP.NS,869.8,802.8,6,402.0
2025-04-01,BHARATSE.NS,78.36,94.45,52,-836.68
2025-04-01,CEATLTD.NS,2876.3,3208.42,2,-664.24
2025-04-01,EIDPARRY.NS,789.95,868.5,5,-392.75
2025-04-01,EMPIND.BO,1063.0,1275.0,4,-848.0
2025-04-01,GHCL.NS,629.55,709.16,7,-557.27
2025-04-01,GICRE.NS,414.35,443.4,10,-290.5
2025-04-01,GSPL.NS,294.05,353.49,13,-772.72
2025-04-01,HIMATSEIDE.NS,152.08,185.88,26,-878.8
2025-04-01,HINDPETRO.NS,361.7,408.25,12,-558.6
2025-04-01,INDIAGLYCO.NS,1152.4,1254.65,4,-409.0
2025-04-01,KOTHARIPET.NS,152.67,187.95,25,-882.0
2025-04-01,KOTHARIPRO.NS,70.72,99.13,48,-1363.68
2025-04-01,MANGCHEFER.NS,161.11,154.36,31,209.25
2025-04-01,MAZDA.NS,238.51,298.61,15,-901.5
2025-04-01,MONTECARLO.NS,537.2,810.82,6,-1641.72
2025-04-01,NATIONALUM.NS,175.29,210.67,23,-813.74
2025-04-01,NAVA.NS,527.55,495.13,10,324.2
2025-04-01,NITINSPIN.NS,330.0,433.95,11,-1143.45
2025-04-01,RANEHOLDIN.NS,1301.65,1748.91,3,-1341.78
2025-04-01,RPPINFRA.NS,144.09,194.0,25,-1247.75
2025-04-01,SRHHYPOLTD.NS,507.15,778.5,6,-1628.1
2025-04-01,SUKHJITS.NS,196.12,264.75,18,-1235.34
2025-04-01,TGVSL.BO,98.43,104.5,47,-285.29
2025-04-01,VLSFINANCE.NS,211.52,334.58,14,-1722.84
2025-04-01,WELCORP.NS,848.2,802.8,6,272.4
2025-04-02,BHARATSE.NS,81.43,94.45,52,-677.04
2025-04-02,CEATLTD.NS,2899.95,3208.42,2,-616.94
2025-04-02,EIDPARRY.NS,781.7,868.5,5,-434.0
2025-04-02,EMPIND.BO,1039.65,1275.0,4,-941.4
2025-04-02,GHCL.NS,639.15,709.16,7,-490.07
2025-04-02,GICRE.NS,420.05,443.4,10,-233.5
2025-04-02,GSPL.NS,293.65,353.49,13,-777.92
2025-04-02,HIMATSEIDE.NS,152.81,185.88,26,-859.82
2025-04-02,HINDPETRO.NS,362.15,408.25,12,-553.2
2025-04-02,INDIAGLYCO.NS,1178.85,1254.65,4,-303.2
2025-04-02,KOTHARIPET.NS,152.78,187.95,25,-879.25
2025-04-02,KOTHARIPRO.NS,74.15,99.13,48,-1199.04
2025-04-02,MANGCHEFER.NS,167.01,154.36,31,392.15
2025-04-02,MAZDA.NS,238.0,298.61,15,-909.15
2025-04-02,MONTECARLO.NS,550.35,810.82,6,-1562.82
2025-04-02,NATIONALUM.NS,174.21,210.67,23,-838.58
2025-04-02,NAVA.NS,525.4,495.13,10,302.7
2025-04-02,NITINSPIN.NS,332.25,433.95,11,-1118.7
2025-04-02,RANEHOLDIN.NS,1321.45,1748.91,3,-1282.38
2025-04-02,RPPINFRA.NS,151.29,194.0,25,-1067.75
2025-04-02,SRHHYPOLTD.NS,513.45,778.5,6,-1590.3
2025-04-02,SUKHJITS.NS,196.64,264.75,18,-1225.98
2025-04-02,TGVSL.BO,102.52,104.5,47,-93.06
2025-04-02,VLSFINANCE.NS,212.07,334.58,14,-1715.14
2025-04-02,WELCORP.NS,849.35,802.8,6,279.3
2025-04-03,BHARATSE.NS,81.07,94.45,52,-695.76
2025-04-03,CEATLTD.NS,2877.35,3208.42,2,-662.14
2025-04-03,EIDPARRY.NS,796.65,868.5,5,-359.25
2025-04-03,EMPIND.BO,1066.8,1275.0,4,-832.8
2025-04-03,GHCL.NS,622.85,709.16,7,-604.17
2025-04-03,GICRE.NS,428.8,443.4,10,-146.0
2025-04-03,GSPL.NS,298.35,353.49,13,-716.82
2025-04-03,HIMATSEIDE.NS,158.95,185.88,26,-700.18
2025-04-03,HINDPETRO.NS,362.45,408.25,12,-549.6
2025-04-03,INDIAGLYCO.NS,1258.95,1254.65,4,17.2
2025-04-03,KOTHARIPET.NS,164.46,187.95,25,-587.25
2025-04-03,KOTHARIPRO.NS,72.81,99.13,48,-1263.36
2025-04-03,MANGCHEFER.NS,182.75,154.36,31,880.09
2025-04-03,MAZDA.NS,242.76,298.61,15,-837.75
2025-04-03,MONTECARLO.NS,570.4,810.82,6,-1442.52
2025-04-03,NATIONALUM.NS,172.66,210.67,23,-874.23
2025-04-03,NAVA.NS,524.95,495.13,10,298.2
2025-04-03,NITINSPIN.NS,363.0,433.95,11,-780.45
2025-04-03,RANEHOLDIN.NS,1322.55,1748.91,3,-1279.08
2025-04-03,RPPINFRA.NS,158.85,194.0,25,-878.75
2025-04-03,SRHHYPOLTD.NS,519.1,778.5,6,-1556.4
2025-04-03,SUKHJITS.NS,197.81,264.75,18,-1204.92
2025-04-03,TGVSL.BO,106.13,104.5,47,76.61
2025-04-03,VLSFINANCE.NS,221.85,334.58,14,-1578.22
2025-04-03,WELCORP.NS,858.6,802.8,6,334.8
2025-04-04,BHARATSE.NS,77.81,94.45,52,-865.28
2025-04-04,CEATLTD.NS,2867.35,3208.42,2,-682.14
2025-04-04,EIDPARRY.NS,770.1,868.5,5,-492.0
2025-04-04,EMPIND.BO,1053.9,1275.0,4,-884.4
2025-04-04,GHCL.NS,610.0,709.16,7,-694.12
2025-04-04,GICRE.NS,405.05,443.4,10,-383.5
2025-04-04,GSPL.NS,289.85,353.49,13,-827.32
2025-04-04,HIMATSEIDE.NS,148.52,185.88,26,-971.36
2025-04-04,HINDPETRO.NS,358.35,408.25,12,-598.8
2025-04-04,INDIAGLYCO.NS,1221.55,1254.65,4,-132.4
2025-04-04,KOTHARIPET.NS,158.2,187.95,25,-743.75
2025-04-04,KOTHARIPRO.NS,71.46,99.13,48,-1328.16
2025-04-04,MANGCHEFER.NS,178.4,154.36,31,745.24
2025-04-04,MAZDA.NS,244.0,298.61,15,-819.15
2025-04-04,MONTECARLO.NS,557.15,810.82,6,-1522.02
2025-04-04,NATIONALUM.NS,157.7,210.67,23,-1218.31
2025-04-04,NAVA.NS,495.35,495.13,10,2.2
2025-04-04,NITINSPIN.NS,353.35,433.95,11,-886.6
2025-04-04,RANEHOLDIN.NS,1251.0,1748.91,3,-1493.73
2025-04-04,RPPINFRA.NS,158.05,194.0,25,-898.75
2025-04-04,SRHHYPOLTD.NS,496.95,778.5,6,-1689.3
2025-04-04,SUKHJITS.NS,196.11,264.75,18,-1235.52
2025-04-04,TGVSL.BO,102.38,104.5,47,-99.64
2025-04-04,VLSFINANCE.NS,214.06,334.58,14,-1687.28
2025-04-04,WELCORP.NS,808.4,802.8,6,33.6
2025-04-07,BHARATSE.NS,72.76,94.45,52,-1127.88
2025-04-07,CEATLTD.NS,2662.0,3208.42,2,-1092.84
2025-04-07,EIDPARRY.NS,738.0,868.5,5,-652.5
2025-04-07,EMPIND.BO,990.0,1275.0,4,-1140.0
2025-04-07,GHCL.NS,585.85,709.16,7,-863.17
2025-04-07,GICRE.NS,385.1,443.4,10,-583.0
2025-04-07,GSPL.NS,286.1,353.49,13,-876.07
2025-04-07,HIMATSEIDE.NS,136.04,185.88,26,-1295.84
2025-04-07,HINDPETRO.NS,352.8,408.25,12,-665.4
2025-04-07,INDIAGLYCO.NS,1164.9,1254.65,4,-359.0
2025-04-07,KOTHARIPET.NS,152.66,187.95,25,-882.25
2025-04-07,KOTHARIPRO.NS,67.59,99.13,48,-1513.92
2025-04-07,MANGCHEFER.NS,175.46,154.36,31,654.1
2025-04-07,MAZDA.NS,239.12,298.61,15,-892.35
2025-04-07,MONTECARLO.NS,524.75,810.82,6,-1716.42
2025-04-07,NATIONALUM.NS,144.69,210.67,23,-1517.54
2025-04-07,NAVA.NS,462.95,495.13,10,-321.8
2025-04-07,NITINSPIN.NS,335.4,433.95,11,-1084.05
2025-04-07,RANEHOLDIN.NS,1269.3,1748.91,3,-1438.83
2025-04-07,RPPINFRA.NS,150.14,194.0,25,-1096.5
2025-04-07,SRHHYPOLTD.NS,478.15,778.5,6,-1802.1
2025-04-07,SUKHJITS.NS,189.44,264.75,18,-1355.58
2025-04-07,TGVSL.BO,94.5,104.5,47,-470.0
2025-04-07,VLSFINANCE.NS,207.12,334.58,14,-1784.44
2025-04-07,WELCORP.NS,792.7,802.8,6,-60.6
2025-04-08,BHARATSE.NS,75.73,94.45,52,-973.44
2025-04-08,CEATLTD.NS,2692.45,3208.42,2,-1031.94
2025-04-08,EIDPARRY.NS,761.35,868.5,5,-535.75
2025-04-08,EMPIND.BO,1001.15,1275.0,4,-1095.4
2025-04-08,GHCL.NS,589.0,709.16,7,-841.12
2025-04-08,GICRE.NS,398.85,443.4,10,-445.5
2025-04-08,GSPL.NS,291.45,353.49,13,-806.52
2025-04-08,HIMATSEIDE.NS,140.76,185.88,26,-1173.12
2025-04-08,HINDPETRO.NS,369.15,408.25,12,-469.2
2025-04-08,INDIAGLYCO.NS,1199.45,1254.65,4,-220.8
2025-04-08,KOTHARIPET.NS,159.98,187.95,25,-699.25
2025-04-08,KOTHARIPRO.NS,69.06,99.13,48,-1443.36
2025-04-08,MANGCHEFER.NS,187.25,154.36,31,1019.59
2025-04-08,MAZDA.NS,236.81,298.61,15,-927.0
2025-04-08,MONTECARLO.NS,546.2,810.82,6,-1587.72
2025-04-08,NATIONALUM.NS,146.62,210.67,23,-1473.15
2025-04-08,NAVA.NS,467.6,495.13,10,-275.3
2025-04-08,NITINSPIN.NS,341.45,433.95,11,-1017.5
2025-04-08,RANEHOLDIN.NS,1276.9,1748.91,3,-1416.03
2025-04-08,RPPINFRA.NS,156.76,194.0,25,-931.0
2025-04-08,SRHHYPOLTD.NS,491.3,778.5,6,-1723.2
2025-04-08,SUKHJITS.NS,197.16,264.75,18,-1216.62
2025-04-08,TGVSL.BO,94.21,104.5,47,-483.63
2025-04-08,VLSFINANCE.NS,212.89,334.58,14,-1703.66
2025-04-08,WELCORP.NS,768.75,802.8,6,-204.3
2025-04-09,BHARATSE.NS,76.62,94.45,52,-927.16
2025-04-09,CEATLTD.NS,2677.2,3208.42,2,-1062.44
2025-04-09,EIDPARRY.NS,753.05,868.5,5,-577.25
2025-04-09,EMPIND.BO,1025.1,1275.0,4,-999.6
2025-04-09,GHCL.NS,580.75,709.16,7,-898.87
2025-04-09,GICRE.NS,395.0,443.4,10,-484.0
2025-04-09,GSPL.NS,294.4,353.49,13,-768.17
2025-04-09,HIMATSEIDE.NS,135.23,185.88,26,-1316.9
2025-04-09,HINDPETRO.NS,379.3,408.25,12,-347.4
2025-04-09,INDIAGLYCO.NS,1220.95,1254.65,4,-134.8
2025-04-09,KOTHARIPET.NS,159.55,187.95,25,-710.0
2025-04-09,KOTHARIPRO.NS,69.79,99.13,48,-1408.32
2025-04-09,MANGCHEFER.NS,180.19,154.36,31,800.73
2025-04-09,MAZDA.NS,234.0,298.61,15,-969.15
2025-04-09,MONTECARLO.NS,555.4,810.82,6,-1532.52
2025-04-09,NATIONALUM.NS,143.45,210.67,23,-1546.06
2025-04-09,NAVA.NS,456.35,495.13,10,-387.8
2025-04-09,NITINSPIN.NS,349.7,433.95,11,-926.75
2025-04-09,RANEHOLDIN.NS,1269.5,1748.91,3,-1438.23
2025-04-09,RPPINFRA.NS,152.37,194.0,25,-1040.75
2025-04-09,SRHHYPOLTD.NS,493.0,778.5,6,-1713.0
2025-04-09,SUKHJITS.NS,194.66,264.75,18,-1261.62
2025-04-09,TGVSL.BO,95.32,104.5,47,-431.46
2025-04-09,VLSFINANCE.NS,209.13,334.58,14,-1756.3
2025-04-09,WELCORP.NS,751.05,802.8,6,-310.5
2025-04-11,BHARATSE.NS,76.93,94.45,52,-911.04
2025-04-11,CEATLTD.NS,2832.5,3208.42,2,-751.84
2025-04-11,EIDPARRY.NS,780.85,868.5,5,-438.25
2025-04-11,EMPIND.BO,1048.85,1275.0,4,-904.6
2025-04-11,GHCL.NS,593.0,709.16,7,-813.12
2025-04-11,GICRE.NS,397.35,443.4,10,-460.5
2025-04-11,GSPL.NS,314.25,353.49,13,-510.12
2025-04-11,HIMATSEIDE.NS,141.75,185.88,26,-1147.38
2025-04-11,HINDPETRO.NS,382.2,408.25,12,-312.6
2025-04-11,INDIAGLYCO.NS,1269.05,1254.65,4,57.6
2025-04-11,KOTHARIPET.NS,162.09,187.95,25,-646.5
2025-04-11,KOTHARIPRO.NS,69.11,99.13,48,-1440.96
2025-04-11,MANGCHEFER.NS,188.72,154.36,31,1065.16
2025-04-11,MAZDA.NS,234.0,298.61,15,-969.15
2025-04-11,MONTECARLO.NS,567.5,810.82,6,-1459.92
2025-04-11,NATIONALUM.NS,143.22,210.67,23,-1551.35
2025-04-11,NAVA.NS,485.45,495.13,10,-96.8
2025-04-11,NITINSPIN.NS,354.15,433.95,11,-877.8
2025-04-11,RANEHOLDIN.NS,1302.75,1748.91,3,-1338.48
2025-04-11,RPPINFRA.NS,157.05,194.0,25,-923.75
2025-04-11,SRHHYPOLTD.NS,499.35,778.5,6,-1674.9
2025-04-11,SUKHJITS.NS,196.56,264.75,18,-1227.42
2025-04-11,TGVSL.BO,97.1,104.5,47,-347.8
2025-04-11,VLSFINANCE.NS,212.6,334.58,14,-1707.72
2025-04-11,WELCORP.NS,758.5,802.8,6,-265.8
2025-04-15,BHARATSE.NS,78.93,94.45,52,-807.04
2025-04-15,CEATLTD.NS,2903.1,3208.42,2,-610.64
2025-04-15,EIDPARRY.NS,842.4,868.5,5,-130.5
2025-04-15,EMPIND.BO,1038.9,1275.0,4,-944.4
2025-04-15,GHCL.NS,609.9,709.16,7,-694.82
2025-04-15,GICRE.NS,411.8,443.4,10,-316.0
2025-04-15,GSPL.NS,314.3,353.49,13,-509.47
2025-04-15,HIMATSEIDE.NS,146.33,185.88,26,-1028.3
2025-04-15,HINDPETRO.NS,379.1,408.25,12,-349.8
2025-04-15,INDIAGLYCO.NS,1376.9,1254.65,4,489.0
2025-04-15,KOTHARIPET.NS,163.72,187.95,25,-605.75
2025-04-15,KOTHARIPRO.NS,72.82,99.13,48,-1262.88
2025-04-15,MANGCHEFER.NS,195.03,154.36,31,1260.77
2025-04-15,MAZDA.NS,238.68,298.61,15,-898.95
2025-04-15,MONTECARLO.NS,577.55,810.82,6,-1399.62
2025-04-15,NATIONALUM.NS,151.42,210.67,23,-1362.75
2025-04-15,NAVA.NS,490.65,495.13,10,-44.8
2025-04-15,NITINSPIN.NS,366.4,433.95,11,-743.05
2025-04-15,RANEHOLDIN.NS,1351.8,1748.91,3,-1191.33
2025-04-15,RPPINFRA.NS,161.42,194.0,25,-814.5
2025-04-15,SRHHYPOLTD.NS,530.8,778.5,6,-1486.2
2025-04-15,SUKHJITS.NS,204.32,264.75,18,-1087.74
2025-04-15,TGVSL.BO,102.45,104.5,47,-96.35
2025-04-15,VLSFINANCE.NS,226.52,334.58,14,-1512.84
2025-04-15,WELCORP.NS,776.9,802.8,6,-155.4
2025-04-16,BHARATSE.NS,79.62,94.45,52,-771.16
2025-04-16,CEATLTD.NS,3023.8,3208.42,2,-369.24
2025-04-16,EIDPARRY.NS,840.35,868.5,5,-140.75
2025-04-16,EMPIND.BO,1042.0,1275.0,4,-932.0
2025-04-16,GHCL.NS,616.7,709.16,7,-647.22
2025-04-16,GICRE.NS,417.35,443.4,10,-260.5
2025-04-16,GSPL.NS,310.0,353.49,13,-565.37
2025-04-16,HIMATSEIDE.NS,147.69,185.88,26,-992.94
2025-04-16,HINDPETRO.NS,390.05,408.25,12,-218.4
2025-04-16,INDIAGLYCO.NS,1358.5,1254.65,4,415.4
2025-04-16,KOTHARIPET.NS,164.04,187.95,25,-597.75
2025-04-16,KOTHARIPRO.NS,74.88,99.13,48,-1164.0
2025-04-16,MANGCHEFER.NS,195.06,154.36,31,1261.7
2025-04-16,MAZDA.NS,243.45,298.61,15,-827.4
2025-04-16,MONTECARLO.NS,583.0,810.82,6,-1366.92
2025-04-16,NATIONALUM.NS,151.22,210.67,23,-1367.35
2025-04-16,NAVA.NS,482.55,495.13,10,-125.8
2025-04-16,NITINSPIN.NS,366.8,433.95,11,-738.65
2025-04-16,RANEHOLDIN.NS,1425.0,1748.91,3,-971.73
2025-04-16,RPPINFRA.NS,159.51,194.0,25,-862.25
2025-04-16,SRHHYPOLTD.NS,539.25,778.5,6,-1435.5
2025-04-16,SUKHJITS.NS,206.14,264.75,18,-1054.98
2025-04-16,TGVSL.BO,102.0,104.5,47,-117.5
2025-04-16,VLSFINANCE.NS,232.69,334.58,14,-1426.46
2025-04-16,WELCORP.NS,797.2,802.8,6,-33.6
2025-04-17,BHARATSE.NS,81.09,94.45,52,-694.72
2025-04-17,CEATLTD.NS,3020.0,3208.42,2,-376.84
2025-04-17,EIDPARRY.NS,832.4,868.5,5,-180.5
2025-04-17,EMPIND.BO,1038.3,1275.0,4,-946.8
2025-04-17,GHCL.NS,615.6,709.16,7,-654.92
2025-04-17,GICRE.NS,429.2,443.4,10,-142.0
2025-04-17,GSPL.NS,313.6,353.49,13,-518.57
2025-04-17,HIMATSEIDE.NS,147.1,185.88,26,-1008.28
2025-04-17,HINDPETRO.NS,387.7,408.25,12,-246.6
2025-04-17,INDIAGLYCO.NS,1424.4,1254.65,4,679.0
2025-04-17,KOTHARIPET.NS,162.23,187.95,25,-643.0
2025-04-17,KOTHARIPRO.NS,73.53,99.13,48,-1228.8
2025-04-17,MANGCHEFER.NS,196.62,154.36,31,1310.06
2025-04-17,MAZDA.NS,248.31,298.61,15,-754.5
2025-04-17,MONTECARLO.NS,576.6,810.82,6,-1405.32
2025-04-17,NATIONALUM.NS,152.89,210.67,23,-1328.94
2025-04-17,NAVA.NS,470.0,495.13,10,-251.3
2025-04-17,NITINSPIN.NS,369.3,433.95,11,-711.15
2025-04-17,RANEHOLDIN.NS,1394.8,1748.91,3,-1062.33
2025-04-17,RPPINFRA.NS,158.26,194.0,25,-893.5
2025-04-17,SRHHYPOLTD.NS,539.1,778.5,6,-1436.4
2025-04-17,SUKHJITS.NS,223.75,264.75,18,-738.0
2025-04-17,TGVSL.BO,102.22,104.5,47,-107.16
2025-04-17,VLSFINANCE.NS,237.78,334.58,14,-1355.2
2025-04-17,WELCORP.NS,779.15,802.8,6,-141.9
2025-04-21,BHARATSE.NS,83.42,94.45,52,-573.56
2025-04-21,CEATLTD.NS,3026.1,3208.42,2,-364.64
2025-04-21,EIDPARRY.NS,850.05,868.5,5,-92.25
2025-04-21,EMPIND.BO,1059.45,1275.0,4,-862.2
2025-04-21,GHCL.NS,623.4,709.16,7,-600.32
2025-04-21,GICRE.NS,428.1,443.4,10,-153.0
2025-04-21,GSPL.NS,318.7,353.49,13,-452.27
2025-04-21,HIMATSEIDE.NS,151.8,185.88,26,-886.08
2025-04-21,HINDPETRO.NS,394.85,408.25,12,-160.8
2025-04-21,INDIAGLYCO.NS,1425.7,1254.65,4,684.2
2025-04-21,KOTHARIPET.NS,164.54,187.95,25,-585.25
2025-04-21,KOTHARIPRO.NS,76.7,99.13,48,-1076.64
2025-04-21,MANGCHEFER.NS,199.65,154.36,31,1403.99
2025-04-21,MAZDA.NS,253.27,298.61,15,-680.1
2025-04-21,MONTECARLO.NS,586.2,810.82,6,-1347.72
2025-04-21,NATIONALUM.NS,161.41,210.67,23,-1132.98
2025-04-21,NAVA.NS,481.95,495.13,10,-131.8
2025-04-21,NITINSPIN.NS,365.95,433.95,11,-748.0
2025-04-21,RANEHOLDIN.NS,1416.5,1748.91,3,-997.23
2025-04-21,RPPINFRA.NS,165.24,194.0,25,-719.0
2025-04-21,SRHHYPOLTD.NS,546.05,778.5,6,-1394.7
2025-04-21,SUKHJITS.NS,227.24,264.75,18,-675.18
2025-04-21,TGVSL.BO,101.68,104.5,47,-132.54
2025-04-21,VLSFINANCE.NS,262.32,334.58,14,-1011.64
2025-04-21,WELCORP.NS,786.75,802.8,6,-96.3
